x,y,color
0,0,#FFFFFF
1,0,#FFFFFF
2,0,#FFFFFF
3,0,#FFFFFF
4,0,#FFFFFF
5,0,#FFFFFF
6,0,#FFFFFF
7,0,#FFFFFF
8,0,#FFFFFF
9,0,#FFFFFF
10,0,#FFFFFF
11,0,#FFFFFF
12,0,#FFFFFF
13,0,#FFFFFF
14,0,#FFFFFF
15,0,#FFFFFF
16,0,#FFFFFF
17,0,#FFFFFF
18,0,#FFFFFF
19,0,#FFFFFF
20,0,#FFFFFF
21,0,#FFFFFF
22,0,#FFFFFF
23,0,#FFFFFF
24,0,#FFFFFF
25,0,#FFFFFF
26,0,#FFFFFF
27,0,#FFFFFF
28,0,#FFFFFF
29,0,#FFFFFF
30,0,#FFFFFF
31,0,#FFFFFF
32,0,#FFFFFF
33,0,#FFFFFF
34,0,#FFFFFF
35,0,#FFFFFF
36,0,#FFFFFF
37,0,#FFFFFF
38,0,#FFFFFF
39,0,#FFFFFF
40,0,#FFFFFF
41,0,#FFFFFF
42,0,#FFFFFF
43,0,#FFFFFF
44,0,#FFFFFF
45,0,#FFFFFF
46,0,#FFFFFF
47,0,#FFFFFF
48,0,#FFFFFF
49,0,#FFFFFF
50,0,#FFFFFF
51,0,#FFFFFF
52,0,#FFFFFF
53,0,#FFFFFF
54,0,#FFFFFF
55,0,#FFFFFF
56,0,#FFFFFF
57,0,#FFFFFF
58,0,#FFFFFF
59,0,#FFFFFF
60,0,#FFFFFF
61,0,#FFFFFF
62,0,#FFFFFF
63,0,#FFFFFF
0,1,#FFFFFF
1,1,#FFFFFF
2,1,#FFFFFF
3,1,#FFFFFF
4,1,#FFFFFF
5,1,#FFFFFF
6,1,#FFFFFF
7,1,#FFFFFF
8,1,#FFFFFF
9,1,#FFFFFF
10,1,#FFFFFF
11,1,#FFFFFF
12,1,#FFFFFF
13,1,#FFFFFF
14,1,#FFFFFF
15,1,#FFFFFF
16,1,#FFFFFF
17,1,#FFFFFF
18,1,#FFFFFF
19,1,#FFFFFF
20,1,#FFFFFF
21,1,#FFFFFF
22,1,#FFFFFF
23,1,#FFFFFF
24,1,#FFFFFF
25,1,#FFFFFF
26,1,#FFFFFF
27,1,#FFFFFF
28,1,#FFFFFF
29,1,#FFFFFF
30,1,#FFFFFF
31,1,#FFFFFF
32,1,#FFFFFF
33,1,#FFFFFF
34,1,#FFFFFF
35,1,#FFFFFF
36,1,#FFFFFF
37,1,#FFFFFF
38,1,#FFFFFF
39,1,#FFFFFF
40,1,#FFFFFF
41,1,#FFFFFF
42,1,#FFFFFF
43,1,#FFFFFF
44,1,#FFFFFF
45,1,#FFFFFF
46,1,#FFFFFF
47,1,#FFFFFF
48,1,#FFFFFF
49,1,#FFFFFF
50,1,#FFFFFF
51,1,#FFFFFF
52,1,#FFFFFF
53,1,#FFFFFF
54,1,#FFFFFF
55,1,#FFFFFF
56,1,#FFFFFF
57,1,#FFFFFF
58,1,#FFFFFF
59,1,#FFFFFF
60,1,#FFFFFF
61,1,#FFFFFF
62,1,#FFFFFF
63,1,#FFFFFF
0,2,#FFFFFF
1,2,#FFFFFF
2,2,#FFFFFF
3,2,#FFFFFF
4,2,#FFFFFF
5,2,#FFFFFF
6,2,#FFFFFF
7,2,#FFFFFF
8,2,#FFFFFF
9,2,#FFFFFF
10,2,#FFFFFF
11,2,#FFFFFF
12,2,#FFFFFF
13,2,#FFFFFF
14,2,#FFFFFF
15,2,#FFFFFF
16,2,#FFFFFF
17,2,#FFFFFF
18,2,#FFFFFF
19,2,#FFFFFF
20,2,#FFFFFF
21,2,#FFFFFF
22,2,#FFFFFF
23,2,#FFFFFF
24,2,#FFFFFF
25,2,#FFFFFF
26,2,#FFFFFF
27,2,#FFFFFF
28,2,#FFFFFF
29,2,#FFFFFF
30,2,#FFFFFF
31,2,#FFFFFF
32,2,#FFFFFF
33,2,#FFFFFF
34,2,#FFFFFF
35,2,#FFFFFF
36,2,#FFFFFF
37,2,#FFFFFF
38,2,#FFFFFF
39,2,#FFFFFF
40,2,#FFFFFF
41,2,#FFFFFF
42,2,#FFFFFF
43,2,#FFFFFF
44,2,#FFFFFF
45,2,#FFFFFF
46,2,#FFFFFF
47,2,#FFFFFF
48,2,#FFFFFF
49,2,#FFFFFF
50,2,#FFFFFF
51,2,#FFFFFF
52,2,#FFFFFF
53,2,#FFFFFF
54,2,#FFFFFF
55,2,#FFFFFF
56,2,#FFFFFF
57,2,#FFFFFF
58,2,#FFFFFF
59,2,#FFFFFF
60,2,#FFFFFF
61,2,#FFFFFF
62,2,#FFFFFF
63,2,#FFFFFF
0,3,#FFFFFF
1,3,#FFFFFF
2,3,#FFFFFF
3,3,#FFFFFF
4,3,#FFFFFF
5,3,#FFFFFF
6,3,#FFFFFF
7,3,#FFFFFF
8,3,#FFFFFF
9,3,#FFFFFF
10,3,#FFFFFF
11,3,#FFFFFF
12,3,#FFFFFF
13,3,#FFFFFF
14,3,#FFFFFF
15,3,#FFFFFF
16,3,#FFFFFF
17,3,#FFFFFF
18,3,#FFFFFF
19,3,#FFFFFF
20,3,#FFFFFF
21,3,#FFFFFF
22,3,#FFFFFF
23,3,#FFFFFF
24,3,#FFFFFF
25,3,#FFFFFF
26,3,#FFFFFF
27,3,#FFFFFF
28,3,#FFFFFF
29,3,#FFFFFF
30,3,#FFFFFF
31,3,#FFFFFF
32,3,#FFFFFF
33,3,#FFFFFF
34,3,#FFFFFF
35,3,#FFFFFF
36,3,#FFFFFF
37,3,#FFFFFF
38,3,#FFFFFF
39,3,#FFFFFF
40,3,#FFFFFF
41,3,#FFFFFF
42,3,#FFFFFF
43,3,#FFFFFF
44,3,#FFFFFF
45,3,#FFFFFF
46,3,#FFFFFF
47,3,#FFFFFF
48,3,#FFFFFF
49,3,#FFFFFF
50,3,#FFFFFF
51,3,#FFFFFF
52,3,#FFFFFF
53,3,#FFFFFF
54,3,#FFFFFF
55,3,#FFFFFF
56,3,#FFFFFF
57,3,#FFFFFF
58,3,#FFFFFF
59,3,#FFFFFF
60,3,#FFFFFF
61,3,#FFFFFF
62,3,#FFFFFF
63,3,#FFFFFF
0,4,#FFFFFF
1,4,#FFFFFF
2,4,#FFFFFF
3,4,#FFFFFF
4,4,#FFFFFF
5,4,#FFFFFF
6,4,#FFFFFF
7,4,#FFFFFF
8,4,#FFFFFF
9,4,#FFFFFF
10,4,#FFFFFF
11,4,#FFFFFF
12,4,#FFFFFF
13,4,#FFFFFF
14,4,#FFFFFF
15,4,#FFFFFF
16,4,#FFFFFF
17,4,#FFFFFF
18,4,#FFFFFF
19,4,#FFFFFF
20,4,#FFFFFF
21,4,#FFFFFF
22,4,#FFFFFF
23,4,#FFFFFF
24,4,#FFFFFF
25,4,#FFFFFF
26,4,#FFFFFF
27,4,#FFFFFF
28,4,#FFFFFF
29,4,#FFFFFF
30,4,#FFFFFF
31,4,#FFFFFF
32,4,#FFFFFF
33,4,#FFFFFF
34,4,#FFFFFF
35,4,#FFFFFF
36,4,#FFFFFF
37,4,#FFFFFF
38,4,#FFFFFF
39,4,#FFFFFF
40,4,#FFFFFF
41,4,#FFFFFF
42,4,#FFFFFF
43,4,#FFFFFF
44,4,#FFFFFF
45,4,#FFFFFF
46,4,#FFFFFF
47,4,#FFFFFF
48,4,#FFFFFF
49,4,#FFFFFF
50,4,#FFFFFF
51,4,#FFFFFF
52,4,#FFFFFF
53,4,#FFFFFF
54,4,#FFFFFF
55,4,#FFFFFF
56,4,#FFFFFF
57,4,#FFFFFF
58,4,#FFFFFF
59,4,#FFFFFF
60,4,#FFFFFF
61,4,#FFFFFF
62,4,#FFFFFF
63,4,#FFFFFF
0,5,#FFFFFF
1,5,#FFFFFF
2,5,#FFFFFF
3,5,#FFFFFF
4,5,#FFFFFF
5,5,#FFFFFF
6,5,#FFFFFF
7,5,#FFFFFF
8,5,#FFFFFF
9,5,#FFFFFF
10,5,#FFFFFF
11,5,#FFFFFF
12,5,#FFFFFF
13,5,#FFFFFF
14,5,#FFFFFF
15,5,#FFFFFF
16,5,#FFFFFF
17,5,#FFFFFF
18,5,#FFFFFF
19,5,#FFFFFF
20,5,#FFFFFF
21,5,#FFFFFF
22,5,#FFFFFF
23,5,#FFFFFF
24,5,#FFFFFF
25,5,#FFFFFF
26,5,#FFFFFF
27,5,#FFFFFF
28,5,#FFFFFF
29,5,#FFFFFF
30,5,#FFFFFF
31,5,#FFFFFF
32,5,#FFFFFF
33,5,#FFFFFF
34,5,#FFFFFF
35,5,#FFFFFF
36,5,#FFFFFF
37,5,#FFFFFF
38,5,#FFFFFF
39,5,#FFFFFF
40,5,#FFFFFF
41,5,#FFFFFF
42,5,#FFFFFF
43,5,#FFFFFF
44,5,#FFFFFF
45,5,#FFFFFF
46,5,#FFFFFF
47,5,#FFFFFF
48,5,#FFFFFF
49,5,#FFFFFF
50,5,#FFFFFF
51,5,#FFFFFF
52,5,#FFFFFF
53,5,#FFFFFF
54,5,#FFFFFF
55,5,#FFFFFF
56,5,#FFFFFF
57,5,#FFFFFF
58,5,#FFFFFF
59,5,#FFFFFF
60,5,#FFFFFF
61,5,#FFFFFF
62,5,#FFFFFF
63,5,#FFFFFF
0,6,#FFFFFF
1,6,#FFFFFF
2,6,#FFFFFF
3,6,#FFFFFF
4,6,#FFFFFF
5,6,#FFFFFF
6,6,#FFFFFF
7,6,#FFFFFF
8,6,#FFFFFF
9,6,#FFFFFF
10,6,#FFFFFF
11,6,#FFFFFF
12,6,#FFFFFF
13,6,#FFFFFF
14,6,#FFFFFF
15,6,#FFFFFF
16,6,#FFFFFF
17,6,#FFFFFF
18,6,#FFFFFF
19,6,#FFFFFF
20,6,#FFFFFF
21,6,#FFFFFF
22,6,#FFFFFF
23,6,#FFFFFF
24,6,#FFFFFF
25,6,#FFFFFF
26,6,#FFFFFF
27,6,#FFFFFF
28,6,#FFFFFF
29,6,#FFFFFF
30,6,#FFFFFF
31,6,#FFFFFF
32,6,#FFFFFF
33,6,#FFFFFF
34,6,#FFFFFF
35,6,#FFFFFF
36,6,#FFFFFF
37,6,#FFFFFF
38,6,#FFFFFF
39,6,#FFFFFF
40,6,#FFFFFF
41,6,#FFFFFF
42,6,#FFFFFF
43,6,#FFFFFF
44,6,#FFFFFF
45,6,#FFFFFF
46,6,#FFFFFF
47,6,#FFFFFF
48,6,#FFFFFF
49,6,#FFFFFF
50,6,#FFFFFF
51,6,#FFFFFF
52,6,#FFFFFF
53,6,#FFFFFF
54,6,#FFFFFF
55,6,#FFFFFF
56,6,#FFFFFF
57,6,#FFFFFF
58,6,#FFFFFF
59,6,#FFFFFF
60,6,#FFFFFF
61,6,#FFFFFF
62,6,#FFFFFF
63,6,#FFFFFF
0,7,#FFFFFF
1,7,#FFFFFF
2,7,#FFFFFF
3,7,#FFFFFF
4,7,#FFFFFF
5,7,#FFFFFF
6,7,#FFFFFF
7,7,#FFFFFF
8,7,#FFFFFF
9,7,#FFFFFF
10,7,#FFFFFF
11,7,#FFFFFF
12,7,#FFFFFF
13,7,#FFFFFF
14,7,#FFFFFF
15,7,#FFFFFF
16,7,#FFFFFF
17,7,#FFFFFF
18,7,#FFFFFF
19,7,#FFFFFF
20,7,#FFFFFF
21,7,#FFFFFF
22,7,#FFFFFF
23,7,#FFFFFF
24,7,#FFFFFF
25,7,#FFFFFF
26,7,#FFFFFF
27,7,#FFFFFF
28,7,#FFFFFF
29,7,#FFFFFF
30,7,#FFFFFF
31,7,#FFFFFF
32,7,#FFFFFF
33,7,#FFFFFF
34,7,#FFFFFF
35,7,#FFFFFF
36,7,#FFFFFF
37,7,#FFFFFF
38,7,#FFFFFF
39,7,#FFFFFF
40,7,#FFFFFF
41,7,#FFFFFF
42,7,#FFFFFF
43,7,#FFFFFF
44,7,#FFFFFF
45,7,#FFFFFF
46,7,#FFFFFF
47,7,#FFFFFF
48,7,#FFFFFF
49,7,#FFFFFF
50,7,#FFFFFF
51,7,#FFFFFF
52,7,#FFFFFF
53,7,#FFFFFF
54,7,#FFFFFF
55,7,#FFFFFF
56,7,#FFFFFF
57,7,#FFFFFF
58,7,#FFFFFF
59,7,#FFFFFF
60,7,#FFFFFF
61,7,#FFFFFF
62,7,#FFFFFF
63,7,#FFFFFF
0,8,#FFFFFF
1,8,#FFFFFF
2,8,#FFFFFF
3,8,#FFFFFF
4,8,#FFFFFF
5,8,#FFFFFF
6,8,#FFFFFF
7,8,#FFFFFF
8,8,#FFFFFF
9,8,#FFFFFF
10,8,#FFFFFF
11,8,#FFFFFF
12,8,#FFFFFF
13,8,#FFFFFF
14,8,#FFFFFF
15,8,#FFFFFF
16,8,#FFFFFF
17,8,#FFFFFF
18,8,#FFFFFF
19,8,#FFFFFF
20,8,#FFFFFF
21,8,#FFFFFF
22,8,#FFFFFF
23,8,#FFFFFF
24,8,#FFFFFF
25,8,#FFFFFF
26,8,#FFFFFF
27,8,#FFFFFF
28,8,#FFFFFF
29,8,#FFFFFF
30,8,#FFFFFF
31,8,#FFFFFF
32,8,#FFFFFF
33,8,#FFFFFF
34,8,#FFFFFF
35,8,#FFFFFF
36,8,#FFFFFF
37,8,#FFFFFF
38,8,#FFFFFF
39,8,#FFFFFF
40,8,#FFFFFF
41,8,#FFFFFF
42,8,#FFFFFF
43,8,#FFFFFF
44,8,#FFFFFF
45,8,#FFFFFF
46,8,#FFFFFF
47,8,#FFFFFF
48,8,#FFFFFF
49,8,#FFFFFF
50,8,#FFFFFF
51,8,#FFFFFF
52,8,#FFFFFF
53,8,#FFFFFF
54,8,#FFFFFF
55,8,#FFFFFF
56,8,#FFFFFF
57,8,#FFFFFF
58,8,#FFFFFF
59,8,#FFFFFF
60,8,#FFFFFF
61,8,#FFFFFF
62,8,#FFFFFF
63,8,#FFFFFF
0,9,#FFFFFF
1,9,#FFFFFF
2,9,#FFFFFF
3,9,#FFFFFF
4,9,#FFFFFF
5,9,#FFFFFF
6,9,#FFFFFF
7,9,#FFFFFF
8,9,#FFFFFF
9,9,#FFFFFF
10,9,#FFFFFF
11,9,#FFFFFF
12,9,#FFFFFF
13,9,#FFFFFF
14,9,#FFFFFF
15,9,#FFFFFF
16,9,#FFFFFF
17,9,#FFFFFF
18,9,#FFFFFF
19,9,#FFFFFF
20,9,#FFFFFF
21,9,#FFFFFF
22,9,#FFFFFF
23,9,#FFFFFF
24,9,#FFFFFF
25,9,#FFFFFF
26,9,#FFFFFF
27,9,#FFFFFF
28,9,#FFFFFF
29,9,#FFFFFF
30,9,#FFFFFF
31,9,#FFFFFF
32,9,#FFFFFF
33,9,#FFFFFF
34,9,#FFFFFF
35,9,#FFFFFF
36,9,#FFFFFF
37,9,#FFFFFF
38,9,#FFFFFF
39,9,#FFFFFF
40,9,#FFFFFF
41,9,#FFFFFF
42,9,#FFFFFF
43,9,#FFFFFF
44,9,#FFFFFF
45,9,#FFFFFF
46,9,#FFFFFF
47,9,#FFFFFF
48,9,#FFFFFF
49,9,#FFFFFF
50,9,#FFFFFF
51,9,#FFFFFF
52,9,#FFFFFF
53,9,#FFFFFF
54,9,#FFFFFF
55,9,#FFFFFF
56,9,#FFFFFF
57,9,#FFFFFF
58,9,#FFFFFF
59,9,#FFFFFF
60,9,#FFFFFF
61,9,#FFFFFF
62,9,#FFFFFF
63,9,#FFFFFF
0,10,#FFFFFF
1,10,#FFFFFF
2,10,#FFFFFF
3,10,#FFFFFF
4,10,#FFFFFF
5,10,#FFFFFF
6,10,#FFFFFF
7,10,#FFFFFF
8,10,#FFFFFF
9,10,#FFFFFF
10,10,#FFFFFF
11,10,#FFFFFF
12,10,#FFFFFF
13,10,#FFFFFF
14,10,#FFFFFF
15,10,#FFFFFF
16,10,#FFFFFF
17,10,#FFFFFF
18,10,#FFFFFF
19,10,#FFFFFF
20,10,#FFFFFF
21,10,#FFFFFF
22,10,#FFFFFF
23,10,#FFFFFF
24,10,#FFFFFF
25,10,#FFFFFF
26,10,#FFFFFF
27,10,#FFFFFF
28,10,#FFFFFF
29,10,#FFFFFF
30,10,#FFFFFF
31,10,#FFFFFF
32,10,#FFFFFF
33,10,#FFFFFF
34,10,#FFFFFF
35,10,#FFFFFF
36,10,#FFFFFF
37,10,#FFFFFF
38,10,#FFFFFF
39,10,#FFFFFF
40,10,#FFFFFF
41,10,#FFFFFF
42,10,#FFFFFF
43,10,#FFFFFF
44,10,#FFFFFF
45,10,#FFFFFF
46,10,#FFFFFF
47,10,#FFFFFF
48,10,#FFFFFF
49,10,#FFFFFF
50,10,#FFFFFF
51,10,#FFFFFF
52,10,#FFFFFF
53,10,#FFFFFF
54,10,#FFFFFF
55,10,#FFFFFF
56,10,#FFFFFF
57,10,#FFFFFF
58,10,#FFFFFF
59,10,#FFFFFF
60,10,#FFFFFF
61,10,#FFFFFF
62,10,#FFFFFF
63,10,#FFFFFF
0,11,#FFFFFF
1,11,#FFFFFF
2,11,#FFFFFF
3,11,#FFFFFF
4,11,#FFFFFF
5,11,#FFFFFF
6,11,#FFFFFF
7,11,#FFFFFF
8,11,#FFFFFF
9,11,#FFFFFF
10,11,#FFFFFF
11,11,#FFFFFF
12,11,#FFFFFF
13,11,#FFFFFF
14,11,#FFFFFF
15,11,#FFFFFF
16,11,#FFFFFF
17,11,#FFFFFF
18,11,#FFFFFF
19,11,#FFFFFF
20,11,#FFFFFF
21,11,#FFFFFF
22,11,#FFFFFF
23,11,#FFFFFF
24,11,#FFFFFF
25,11,#FFFFFF
26,11,#FFFFFF
27,11,#FFFFFF
28,11,#FFFFFF
29,11,#FFFFFF
30,11,#FFFFFF
31,11,#FFFFFF
32,11,#FFFFFF
33,11,#FFFFFF
34,11,#FFFFFF
35,11,#FFFFFF
36,11,#FFFFFF
37,11,#FFFFFF
38,11,#FFFFFF
39,11,#FFFFFF
40,11,#FFFFFF
41,11,#FFFFFF
42,11,#FFFFFF
43,11,#FFFFFF
44,11,#FFFFFF
45,11,#FFFFFF
46,11,#FFFFFF
47,11,#FFFFFF
48,11,#FFFFFF
49,11,#FFFFFF
50,11,#FFFFFF
51,11,#FFFFFF
52,11,#FFFFFF
53,11,#FFFFFF
54,11,#FFFFFF
55,11,#FFFFFF
56,11,#FFFFFF
57,11,#FFFFFF
58,11,#FFFFFF
59,11,#FFFFFF
60,11,#FFFFFF
61,11,#FFFFFF
62,11,#FFFFFF
63,11,#FFFFFF
0,12,#FFFFFF
1,12,#FFFFFF
2,12,#FFFFFF
3,12,#FFFFFF
4,12,#FFFFFF
5,12,#FFFFFF
6,12,#FFFFFF
7,12,#FFFFFF
8,12,#FFFFFF
9,12,#FFFFFF
10,12,#FFFFFF
11,12,#FFFFFF
12,12,#FFFFFF
13,12,#FFFFFF
14,12,#FFFFFF
15,12,#FFFFFF
16,12,#FFFFFF
17,12,#FFFFFF
18,12,#FFFFFF
19,12,#FFFFFF
20,12,#FFFFFF
21,12,#FFFFFF
22,12,#FFFFFF
23,12,#FFFFFF
24,12,#FFFFFF
25,12,#FFFFFF
26,12,#FFFFFF
27,12,#FFFFFF
28,12,#FFFFFF
29,12,#FFFFFF
30,12,#FFFFFF
31,12,#FFFFFF
32,12,#FFFFFF
33,12,#FFFFFF
34,12,#FFFFFF
35,12,#FFFFFF
36,12,#FFFFFF
37,12,#FFFFFF
38,12,#FFFFFF
39,12,#FFFFFF
40,12,#FFFFFF
41,12,#FFFFFF
42,12,#FFFFFF
43,12,#FFFFFF
44,12,#FFFFFF
45,12,#FFFFFF
46,12,#FFFFFF
47,12,#FFFFFF
48,12,#FFFFFF
49,12,#FFFFFF
50,12,#FFFFFF
51,12,#FFFFFF
52,12,#FFFFFF
53,12,#FFFFFF
54,12,#FFFFFF
55,12,#FFFFFF
56,12,#FFFFFF
57,12,#FFFFFF
58,12,#FFFFFF
59,12,#FFFFFF
60,12,#FFFFFF
61,12,#FFFFFF
62,12,#FFFFFF
63,12,#FFFFFF
0,13,#FFFFFF
1,13,#FFFFFF
2,13,#FFFFFF
3,13,#FFFFFF
4,13,#FFFFFF
5,13,#FFFFFF
6,13,#FFFFFF
7,13,#FFFFFF
8,13,#FFFFFF
9,13,#FFFFFF
10,13,#FFFFFF
11,13,#FFFFFF
12,13,#FFFFFF
13,13,#FFFFFF
14,13,#FFFFFF
15,13,#FFFFFF
16,13,#FFFFFF
17,13,#FFFFFF
18,13,#FFFFFF
19,13,#FFFFFF
20,13,#FFFFFF
21,13,#FFFFFF
22,13,#FFFFFF
23,13,#FFFFFF
24,13,#FFFFFF
25,13,#FFFFFF
26,13,#FFFFFF
27,13,#FFFFFF
28,13,#FFFFFF
29,13,#FFFFFF
30,13,#FFFFFF
31,13,#FFFFFF
32,13,#FFFFFF
33,13,#FFFFFF
34,13,#FFFFFF
35,13,#FFFFFF
36,13,#FFFFFF
37,13,#FFFFFF
38,13,#FFFFFF
39,13,#FFFFFF
40,13,#FFFFFF
41,13,#FFFFFF
42,13,#FFFFFF
43,13,#FFFFFF
44,13,#FFFFFF
45,13,#FFFFFF
46,13,#FFFFFF
47,13,#FFFFFF
48,13,#FFFFFF
49,13,#FFFFFF
50,13,#FFFFFF
51,13,#FFFFFF
52,13,#FFFFFF
53,13,#FFFFFF
54,13,#FFFFFF
55,13,#FFFFFF
56,13,#FFFFFF
57,13,#FFFFFF
58,13,#FFFFFF
59,13,#FFFFFF
60,13,#FFFFFF
61,13,#FFFFFF
62,13,#FFFFFF
63,13,#FFFFFF
0,14,#FFFFFF
1,14,#FFFFFF
2,14,#FFFFFF
3,14,#FFFFFF
4,14,#FFFFFF
5,14,#FFFFFF
6,14,#FFFFFF
7,14,#FFFFFF
8,14,#FFFFFF
9,14,#FFFFFF
10,14,#FFFFFF
11,14,#FFFFFF
12,14,#FFFFFF
13,14,#FFFFFF
14,14,#FFFFFF
15,14,#FFFFFF
16,14,#FFFFFF
17,14,#FFFFFF
18,14,#FFFFFF
19,14,#FFFFFF
20,14,#FFFFFF
21,14,#FFFFFF
22,14,#FFFFFF
23,14,#FFFFFF
24,14,#FFFFFF
25,14,#FFFFFF
26,14,#FFFFFF
27,14,#FFFFFF
28,14,#FFFFFF
29,14,#FFFFFF
30,14,#FFFFFF
31,14,#FFFFFF
32,14,#FFFFFF
33,14,#FFFFFF
34,14,#FFFFFF
35,14,#FFFFFF
36,14,#FFFFFF
37,14,#FFFFFF
38,14,#FFFFFF
39,14,#FFFFFF
40,14,#FFFFFF
41,14,#FFFFFF
42,14,#FFFFFF
43,14,#FFFFFF
44,14,#FFFFFF
45,14,#FFFFFF
46,14,#FFFFFF
47,14,#FFFFFF
48,14,#FFFFFF
49,14,#FFFFFF
50,14,#FFFFFF
51,14,#FFFFFF
52,14,#FFFFFF
53,14,#FFFFFF
54,14,#FFFFFF
55,14,#FFFFFF
56,14,#FFFFFF
57,14,#FFFFFF
58,14,#FFFFFF
59,14,#FFFFFF
60,14,#FFFFFF
61,14,#FFFFFF
62,14,#FFFFFF
63,14,#FFFFFF
0,15,#FFFFFF
1,15,#FFFFFF
2,15,#FFFFFF
3,15,#FFFFFF
4,15,#FFFFFF
5,15,#FFFFFF
6,15,#FFFFFF
7,15,#FFFFFF
8,15,#FFFFFF
9,15,#FFFFFF
10,15,#FFFFFF
11,15,#FFFFFF
12,15,#FFFFFF
13,15,#FFFFFF
14,15,#FFFFFF
15,15,#FFFFFF
16,15,#FFFFFF
17,15,#FFFFFF
18,15,#FFFFFF
19,15,#FFFFFF
20,15,#FFFFFF
21,15,#FFFFFF
22,15,#FFFFFF
23,15,#FFFFFF
24,15,#FFFFFF
25,15,#FFFFFF
26,15,#FFFFFF
27,15,#FFFFFF
28,15,#FFFFFF
29,15,#FFFFFF
30,15,#FFFFFF
31,15,#FFFFFF
32,15,#FFFFFF
33,15,#FFFFFF
34,15,#FFFFFF
35,15,#FFFFFF
36,15,#FFFFFF
37,15,#FFFFFF
38,15,#FFFFFF
39,15,#FFFFFF
40,15,#FFFFFF
41,15,#FFFFFF
42,15,#FFFFFF
43,15,#FFFFFF
44,15,#FFFFFF
45,15,#FFFFFF
46,15,#FFFFFF
47,15,#FFFFFF
48,15,#FFFFFF
49,15,#FFFFFF
50,15,#FFFFFF
51,15,#FFFFFF
52,15,#FFFFFF
53,15,#FFFFFF
54,15,#FFFFFF
55,15,#FFFFFF
56,15,#FFFFFF
57,15,#FFFFFF
58,15,#FFFFFF
59,15,#FFFFFF
60,15,#FFFFFF
61,15,#FFFFFF
62,15,#FFFFFF
63,15,#FFFFFF
0,16,#FFFFFF
1,16,#FFFFFF
2,16,#FFFFFF
3,16,#FFFFFF
4,16,#FFFFFF
5,16,#FFFFFF
6,16,#FFFFFF
7,16,#FFFFFF
8,16,#FFFFFF
9,16,#FFFFFF
10,16,#FFFFFF
11,16,#FFFFFF
12,16,#FFFFFF
13,16,#FFFFFF
14,16,#FFFFFF
15,16,#FFFFFF
16,16,#FFFFFF
17,16,#FFFFFF
18,16,#FFFFFF
19,16,#FFFFFF
20,16,#FFFFFF
21,16,#FFFFFF
22,16,#FFFFFF
23,16,#FFFFFF
24,16,#FFFFFF
25,16,#FFFFFF
26,16,#FFFFFF
27,16,#FFFFFF
28,16,#FFFFFF
29,16,#FFFFFF
30,16,#FFFFFF
31,16,#FFFFFF
32,16,#FFFFFF
33,16,#FFFFFF
34,16,#FFFFFF
35,16,#FFFFFF
36,16,#FFFFFF
37,16,#FFFFFF
38,16,#FFFFFF
39,16,#FFFFFF
40,16,#FFFFFF
41,16,#FFFFFF
42,16,#FFFFFF
43,16,#FFFFFF
44,16,#FFFFFF
45,16,#FFFFFF
46,16,#FFFFFF
47,16,#FFFFFF
48,16,#FFFFFF
49,16,#FFFFFF
50,16,#FFFFFF
51,16,#FFFFFF
52,16,#FFFFFF
53,16,#FFFFFF
54,16,#FFFFFF
55,16,#FFFFFF
56,16,#FFFFFF
57,16,#FFFFFF
58,16,#FFFFFF
59,16,#FFFFFF
60,16,#FFFFFF
61,16,#FFFFFF
62,16,#FFFFFF
63,16,#FFFFFF
0,17,#FFFFFF
1,17,#FFFFFF
2,17,#FFFFFF
3,17,#FFFFFF
4,17,#FFFFFF
5,17,#FFFFFF
6,17,#FFFFFF
7,17,#FFFFFF
8,17,#FFFFFF
9,17,#FFFFFF
10,17,#D0D0D2
11,17,#84858C
12,17,#898A91
13,17,#898A91
14,17,#898A91
15,17,#898A91
16,17,#898A91
17,17,#898A91
18,17,#898A91
19,17,#898A91
20,17,#898A91
21,17,#898A91
22,17,#898A91
23,17,#898A91
24,17,#898A91
25,17,#898A91
26,17,#898A91
27,17,#898A91
28,17,#898A91
29,17,#898A91
30,17,#898A91
31,17,#898A91
32,17,#898A91
33,17,#898A91
34,17,#898A91
35,17,#898A91
36,17,#898A91
37,17,#898A91
38,17,#898A91
39,17,#898A91
40,17,#898A91
41,17,#898A91
42,17,#898A91
43,17,#898A91
44,17,#898A91
45,17,#898A91
46,17,#898A91
47,17,#898A91
48,17,#898A91
49,17,#898A91
50,17,#898A91
51,17,#898A91
52,17,#84858C
53,17,#CFCFD1
54,17,#FFFFFF
55,17,#FFFFFF
56,17,#FFFFFF
57,17,#FFFFFF
58,17,#FFFFFF
59,17,#FFFFFF
60,17,#FFFFFF
61,17,#FFFFFF
62,17,#FFFFFF
63,17,#FFFFFF
0,18,#FFFFFF
1,18,#FFFFFF
2,18,#FFFFFF
3,18,#FFFFFF
4,18,#FFFFFF
5,18,#FFFFFF
6,18,#FFFFFF
7,18,#FFFFFF
8,18,#FFFFFF
9,18,#FFFFFF
10,18,#A8A8AD
11,18,#1E1F2D
12,18,#272834
13,18,#272834
14,18,#272834
15,18,#272834
16,18,#272834
17,18,#272834
18,18,#272834
19,18,#272834
20,18,#272834
21,18,#272834
22,18,#272834
23,18,#272834
24,18,#272834
25,18,#272834
26,18,#272834
27,18,#272834
28,18,#272834
29,18,#272834
30,18,#272834
31,18,#272834
32,18,#272834
33,18,#272834
34,18,#272834
35,18,#272834
36,18,#272834
37,18,#272834
38,18,#272834
39,18,#272834
40,18,#272834
41,18,#272834
42,18,#272834
43,18,#272834
44,18,#272834
45,18,#272834
46,18,#272834
47,18,#272834
48,18,#272834
49,18,#272834
50,18,#272834
51,18,#272834
52,18,#1E1F2D
53,18,#A6A6AB
54,18,#FFFFFF
55,18,#FFFFFF
56,18,#FFFFFF
57,18,#FFFFFF
58,18,#FFFFFF
59,18,#FFFFFF
60,18,#FFFFFF
61,18,#FFFFFF
62,18,#FFFFFF
63,18,#FFFFFF
0,19,#FFFFFF
1,19,#FFFFFF
2,19,#FFFFFF
3,19,#FFFFFF
4,19,#FFFFFF
5,19,#FFFFFF
6,19,#FFFFFF
7,19,#FFFFFF
8,19,#FFFFFF
9,19,#FFFFFF
10,19,#F7F7F8
11,19,#EBEBED
12,19,#F1F1F1
13,19,#EFEFF0
14,19,#ECECEE
15,19,#F1F1F2
16,19,#EFEFF0
17,19,#ECECED
18,19,#EFEFF0
19,19,#F1F1F2
20,19,#F1F1F2
21,19,#F0F0F1
22,19,#ECECED
23,19,#ECECED
24,19,#ECECED
25,19,#EDEDEE
26,19,#F1F1F2
27,19,#F0F0F1
28,19,#ECECED
29,19,#ECECED
30,19,#EDEDEE
31,19,#F1F1F2
32,19,#F1F1F2
33,19,#F1F1F2
34,19,#F0F0F1
35,19,#ECECED
36,19,#F0F0F1
37,19,#F1F1F2
38,19,#F1F1F2
39,19,#F1F1F2
40,19,#EEEEEF
41,19,#ECECED
42,19,#EEEEEF
43,19,#F1F1F2
44,19,#F1F1F2
45,19,#EDEDEE
46,19,#ECECED
47,19,#EEEEEF
48,19,#F1F1F2
49,19,#EDEDEE
50,19,#EFEFF0
51,19,#F1F1F2
52,19,#ECECED
53,19,#F7F7F8
54,19,#FFFFFF
55,19,#FFFFFF
56,19,#FFFFFF
57,19,#FFFFFF
58,19,#FFFFFF
59,19,#FFFFFF
60,19,#FFFFFF
61,19,#FFFFFF
62,19,#FFFFFF
63,19,#FFFFFF
0,20,#FFFFFF
1,20,#FFFFFF
2,20,#FFFFFF
3,20,#FFFFFF
4,20,#FFFFFF
5,20,#FFFFFF
6,20,#FFFFFF
7,20,#FFFFFF
8,20,#FFFFFF
9,20,#FFFFFF
10,20,#FFFFFF
11,20,#FFFFFF
12,20,#DDDDDF
13,20,#E9E9EB
14,20,#FFFFFF
15,20,#DBDBDD
16,20,#EAEAEB
17,20,#FFFFFF
18,20,#ECECED
19,20,#DADADC
20,20,#DADADD
21,20,#E6E6E7
22,20,#FFFFFF
23,20,#FFFFFF
24,20,#FFFFFF
25,20,#FCFCFC
26,20,#DBDCDE
27,20,#E2E2E3
28,20,#FFFFFF
29,20,#FFFFFF
30,20,#FCFCFC
31,20,#DCDCDE
32,20,#DBDBDD
33,20,#DADADD
34,20,#E5E5E7
35,20,#FFFFFF
36,20,#E1E1E3
37,20,#DBDBDD
38,20,#DBDCDE
39,20,#DADADC
40,20,#F3F3F4
41,20,#FFFFFF
42,20,#F8F8F9
43,20,#DADADC
44,20,#DBDBDE
45,20,#FEFEFE
46,20,#FFFFFF
47,20,#F2F2F3
48,20,#DADADC
49,20,#FDFDFD
50,20,#ECECED
51,20,#DCDCDE
52,20,#FEFEFE
53,20,#FFFFFF
54,20,#FFFFFF
55,20,#FFFFFF
56,20,#FFFFFF
57,20,#FFFFFF
58,20,#FFFFFF
59,20,#FFFFFF
60,20,#FFFFFF
61,20,#FFFFFF
62,20,#FFFFFF
63,20,#FFFFFF
0,21,#FFFFFF
1,21,#FFFFFF
2,21,#FFFFFF
3,21,#FFFFFF
4,21,#FFFFFF
5,21,#FFFFFF
6,21,#FFFFFF
7,21,#FFFFFF
8,21,#FFFFFF
9,21,#FFFFFF
10,21,#FFFFFF
11,21,#FAFAFB
12,21,#3E3F4A
13,21,#8E8E95
14,21,#CFCFD2
15,21,#20212E
16,21,#C3C3C7
17,21,#FFFFFF
18,21,#9B9CA1
19,21,#191A28
20,21,#1A1B28
21,21,#282936
22,21,#C2C2C6
23,21,#FFFFFF
24,21,#FFFFFF
25,21,#DADADC
26,21,#222330
27,21,#454550
28,21,#FAFAFA
29,21,#FFFFFF
30,21,#ECECED
31,21,#343541
32,21,#1B1C29
33,21,#141523
34,21,#55565F
35,21,#FAFAFB
36,21,#3C3C48
37,21,#1B1B29
38,21,#222330
39,21,#131421
40,21,#A9A9AE
41,21,#F8F8F8
42,21,#5E5F68
43,21,#171826
44,21,#181926
45,21,#787880
46,21,#FDFDFD
47,21,#BEBEC2
48,21,#171826
49,21,#B7B7BB
50,21,#9A9AA0
51,21,#373844
52,21,#F5F5F6
53,21,#FFFFFF
54,21,#FFFFFF
55,21,#FFFFFF
56,21,#FFFFFF
57,21,#FFFFFF
58,21,#FFFFFF
59,21,#FFFFFF
60,21,#FFFFFF
61,21,#FFFFFF
62,21,#FFFFFF
63,21,#FFFFFF
0,22,#FFFFFF
1,22,#FFFFFF
2,22,#FFFFFF
3,22,#FFFFFF
4,22,#FFFFFF
5,22,#FFFFFF
6,22,#FFFFFF
7,22,#FFFFFF
8,22,#FFFFFF
9,22,#FFFFFF
10,22,#FFFFFF
11,22,#FDFDFD
12,22,#3F3F4B
13,22,#909097
14,22,#66666F
15,22,#555660
16,22,#FEFEFE
17,22,#FFFFFF
18,22,#9D9DA3
19,22,#282935
20,22,#A9AAAF
21,22,#3A3B46
22,22,#72737B
23,22,#FFFFFF
24,22,#FFFFFF
25,22,#B1B2B6
26,22,#191927
27,22,#292A36
28,22,#E1E1E2
29,22,#FFFFFF
30,22,#EFEFF0
31,22,#2E2F3B
32,22,#797981
33,22,#B0B0B5
34,22,#B9BABE
35,22,#F9F9FA
36,22,#B2B2B7
37,22,#6B6C74
38,22,#2B2D39
39,22,#A1A2A8
40,22,#DADADD
41,22,#DADADC
42,22,#1D1E2B
43,22,#929299
44,22,#7C7D85
45,22,#272835
46,22,#F3F3F4
47,22,#C5C5C8
48,22,#121320
49,22,#6C6D75
50,22,#9A9BA1
51,22,#373843
52,22,#F8F8F9
53,22,#FFFFFF
54,22,#FFFFFF
55,22,#FFFFFF
56,22,#FFFFFF
57,22,#FFFFFF
58,22,#FFFFFF
59,22,#FFFFFF
60,22,#FFFFFF
61,22,#FFFFFF
62,22,#FFFFFF
63,22,#FFFFFF
0,23,#FFFFFF
1,23,#FFFFFF
2,23,#FFFFFF
3,23,#FFFFFF
4,23,#FFFFFF
5,23,#FFFFFF
6,23,#FFFFFF
7,23,#FFFFFF
8,23,#FFFFFF
9,23,#FFFFFF
10,23,#FFFFFF
11,23,#FDFDFD
12,23,#454650
13,23,#4D4E58
14,23,#2B2C38
15,23,#C6C7CA
16,23,#FFFFFF
17,23,#FFFFFF
18,23,#9B9CA1
19,23,#363743
20,23,#FFFFFF
21,23,#565761
22,23,#72737B
23,23,#FFFFFF
24,23,#FFFFFF
25,23,#787880
26,23,#4D4E58
27,23,#363743
28,23,#B2B2B6
29,23,#FFFFFF
30,23,#EFEFF0
31,23,#2D2E3A
32,23,#97989E
33,23,#DEDEE0
34,23,#FBFBFC
35,23,#FFFFFF
36,23,#FFFFFF
37,23,#9FA0A4
38,23,#353642
39,23,#FEFEFF
40,23,#FFFFFF
41,23,#D6D6D8
42,23,#21222F
43,23,#DDDDDE
44,23,#BBBBBF
45,23,#292A37
46,23,#F3F3F4
47,23,#C5C5C8
48,23,#181926
49,23,#343541
50,23,#7D7E85
51,23,#3B3C47
52,23,#F8F8F9
53,23,#FFFFFF
54,23,#FFFFFF
55,23,#FFFFFF
56,23,#FFFFFF
57,23,#FFFFFF
58,23,#FFFFFF
59,23,#FFFFFF
60,23,#FFFFFF
61,23,#FFFFFF
62,23,#FFFFFF
63,23,#FFFFFF
0,24,#FFFFFF
1,24,#FFFFFF
2,24,#FFFFFF
3,24,#FFFFFF
4,24,#FFFFFF
5,24,#FFFFFF
6,24,#FFFFFF
7,24,#FFFFFF
8,24,#FFFFFF
9,24,#FFFFFF
10,24,#FFFFFF
11,24,#FDFDFD
12,24,#484953
13,24,#121321
14,24,#2E2F3B
15,24,#ECECED
16,24,#FFFFFF
17,24,#FFFFFF
18,24,#9D9DA2
19,24,#292A37
20,24,#AAABB0
21,24,#3B3C47
22,24,#72737B
23,24,#FFFFFF
24,24,#FDFDFD
25,24,#44444F
26,24,#98989E
27,24,#61616B
28,24,#797981
29,24,#FFFFFF
30,24,#EFEFF0
31,24,#333440
32,24,#181926
33,24,#20212F
34,24,#DDDDDF
35,24,#FFFFFF
36,24,#FFFFFF
37,24,#9A9BA0
38,24,#343541
39,24,#F6F6F7
40,24,#FFFFFF
41,24,#D6D6D8
42,24,#21222F
43,24,#D6D6D8
44,24,#B5B5BA
45,24,#292A37
46,24,#F3F3F4
47,24,#C4C4C8
48,24,#232431
49,24,#333440
50,24,#3D3E49
51,24,#3F404B
52,24,#F8F8F9
53,24,#FFFFFF
54,24,#FFFFFF
55,24,#FFFFFF
56,24,#FFFFFF
57,24,#FFFFFF
58,24,#FFFFFF
59,24,#FFFFFF
60,24,#FFFFFF
61,24,#FFFFFF
62,24,#FFFFFF
63,24,#FFFFFF
0,25,#FFFFFF
1,25,#FFFFFF
2,25,#FFFFFF
3,25,#FFFFFF
4,25,#FFFFFF
5,25,#FFFFFF
6,25,#FFFFFF
7,25,#FFFFFF
8,25,#FFFFFF
9,25,#FFFFFF
10,25,#FFFFFF
11,25,#FDFDFD
12,25,#444550
13,25,#585862
14,25,#242531
15,25,#9C9DA2
16,25,#FFFFFF
17,25,#FFFFFF
18,25,#9FA0A5
19,25,#161725
20,25,#151624
21,25,#252633
22,25,#C3C3C7
23,25,#FFFFFF
24,25,#E5E5E6
25,25,#262733
26,25,#898A91
27,25,#5F6069
28,25,#494A55
29,25,#FEFEFE
30,25,#F0F0F0
31,25,#2F303C
32,25,#77777F
33,25,#ACACB1
34,25,#EEEEEF
35,25,#FFFFFF
36,25,#FFFFFF
37,25,#9A9BA0
38,25,#343541
39,25,#F6F6F7
40,25,#FFFFFF
41,25,#D6D6D8
42,25,#21222F
43,25,#DBDBDC
44,25,#B9B9BE
45,25,#292A37
46,25,#F3F3F4
47,25,#C3C3C7
48,25,#2D2E3A
49,25,#77777F
50,25,#141523
51,25,#40414C
52,25,#F8F8F9
53,25,#FFFFFF
54,25,#FFFFFF
55,25,#FFFFFF
56,25,#FFFFFF
57,25,#FFFFFF
58,25,#FFFFFF
59,25,#FFFFFF
60,25,#FFFFFF
61,25,#FFFFFF
62,25,#FFFFFF
63,25,#FFFFFF
0,26,#FFFFFF
1,26,#FFFFFF
2,26,#FFFFFF
3,26,#FFFFFF
4,26,#FFFFFF
5,26,#FFFFFF
6,26,#FFFFFF
7,26,#FFFFFF
8,26,#FFFFFF
9,26,#FFFFFF
10,26,#FFFFFF
11,26,#FDFDFD
12,26,#3F404B
13,26,#909097
14,26,#66666F
15,26,#3B3C48
16,26,#F7F7F8
17,26,#FFFFFF
18,26,#9C9DA2
19,26,#363743
20,26,#76777E
21,26,#343541
22,26,#F7F7F7
23,26,#FFFFFF
24,26,#BABABE
25,26,#1A1B29
26,26,#272835
27,26,#242532
28,26,#2C2D39
29,26,#EAEAEB
30,26,#F3F3F3
31,26,#2C2D39
32,26,#B1B1B5
33,26,#FFFFFF
34,26,#FFFFFF
35,26,#FFFFFF
36,26,#FFFFFF
37,26,#9A9BA0
38,26,#343541
39,26,#F6F6F7
40,26,#FFFFFF
41,26,#D5D5D7
42,26,#1E1F2C
43,26,#B1B1B6
44,26,#96979D
45,26,#262734
46,26,#F3F3F4
47,26,#C3C3C7
48,26,#292A36
49,26,#BBBBBF
50,26,#232430
51,26,#3F404B
52,26,#F8F8F9
53,26,#FFFFFF
54,26,#FFFFFF
55,26,#FFFFFF
56,26,#FFFFFF
57,26,#FFFFFF
58,26,#FFFFFF
59,26,#FFFFFF
60,26,#FFFFFF
61,26,#FFFFFF
62,26,#FFFFFF
63,26,#FFFFFF
0,27,#FFFFFF
1,27,#FFFFFF
2,27,#FFFFFF
3,27,#FFFFFF
4,27,#FFFFFF
5,27,#FFFFFF
6,27,#FFFFFF
7,27,#FFFFFF
8,27,#FFFFFF
9,27,#FFFFFF
10,27,#FFFFFF
11,27,#FBFBFB
12,27,#373843
13,27,#8B8C92
14,27,#C6C6C9
15,27,#0F101E
16,27,#AAAAAF
17,27,#FFFFFF
18,27,#95969B
19,27,#32333F
20,27,#C7C7CB
21,27,#171826
22,27,#B2B2B7
23,27,#FFFFFF
24,27,#7A7B83
25,27,#353541
26,27,#E6E6E8
27,27,#C9C9CC
28,27,#191A28
29,27,#BABABE
30,27,#F4F4F5
31,27,#242531
32,27,#A5A5AB
33,27,#FFFFFF
34,27,#FFFFFF
35,27,#FFFFFF
36,27,#FFFFFF
37,27,#94959A
38,27,#2C2D39
39,27,#F4F4F5
40,27,#FFFFFF
41,27,#EDEDEE
42,27,#454650
43,27,#141523
44,27,#131422
45,27,#5D5E67
46,27,#FBFBFB
47,27,#BCBDC1
48,27,#1C1D2A
49,27,#DFDFE1
50,27,#50505B
51,27,#32333F
52,27,#F6F6F7
53,27,#FFFFFF
54,27,#FFFFFF
55,27,#FFFFFF
56,27,#FFFFFF
57,27,#FFFFFF
58,27,#FFFFFF
59,27,#FFFFFF
60,27,#FFFFFF
61,27,#FFFFFF
62,27,#FFFFFF
63,27,#FFFFFF
0,28,#FFFFFF
1,28,#FFFFFF
2,28,#FFFFFF
3,28,#FFFFFF
4,28,#FFFFFF
5,28,#FFFFFF
6,28,#FFFFFF
7,28,#FFFFFF
8,28,#FFFFFF
9,28,#FFFFFF
10,28,#FFFFFF
11,28,#FCFCFC
12,28,#BCBCC0
13,28,#D4D4D7
14,28,#FAFAFB
15,28,#B7B7BB
16,28,#CBCBCE
17,28,#FFFFFF
18,28,#D8D8DB
19,28,#BABABF
20,28,#F1F1F2
21,28,#B8B9BD
22,28,#D2D2D5
23,28,#FFFFFF
24,28,#C9C9CC
25,28,#C3C4C7
26,28,#FFFFFF
27,28,#F9F9FA
28,28,#B7B7BB
29,28,#DDDEE0
30,28,#F9F9F9
31,28,#B7B7BB
32,28,#DDDDDF
33,28,#FFFFFF
34,28,#FFFFFF
35,28,#FFFFFF
36,28,#FFFFFF
37,28,#D8D8DA
38,28,#B9BABE
39,28,#F9F9F9
40,28,#FFFFFF
41,28,#FFFFFF
42,28,#E4E5E6
43,28,#B3B4B8
44,28,#B5B6BA
45,28,#EFEFF0
46,28,#FFFFFF
47,28,#E4E4E6
48,28,#B4B5B9
49,28,#F4F4F4
50,28,#D7D8DA
51,28,#BABABE
52,28,#FAFAFA
53,28,#FFFFFF
54,28,#FFFFFF
55,28,#FFFFFF
56,28,#FFFFFF
57,28,#FFFFFF
58,28,#FFFFFF
59,28,#FFFFFF
60,28,#FFFFFF
61,28,#FFFFFF
62,28,#FFFFFF
63,28,#FFFFFF
0,29,#FFFFFF
1,29,#FFFFFF
2,29,#FFFFFF
3,29,#FFFFFF
4,29,#FFFFFF
5,29,#FFFFFF
6,29,#FFFFFF
7,29,#FFFFFF
8,29,#FFFFFF
9,29,#FFFFFF
10,29,#FFFFFF
11,29,#FFFFFF
12,29,#FFFFFF
13,29,#FFFFFF
14,29,#FFFFFF
15,29,#FFFFFF
16,29,#FFFFFF
17,29,#FEFEFE
18,29,#FFFFFF
19,29,#FFFFFF
20,29,#FFFFFF
21,29,#FFFFFF
22,29,#FFFFFF
23,29,#FEFEFE
24,29,#FFFFFF
25,29,#FFFFFF
26,29,#FEFEFE
27,29,#FFFFFF
28,29,#FFFFFF
29,29,#FFFFFF
30,29,#FFFFFF
31,29,#FFFFFF
32,29,#FFFFFF
33,29,#FEFEFE
34,29,#FEFEFE
35,29,#FEFEFE
36,29,#FEFEFE
37,29,#FFFFFF
38,29,#FFFFFF
39,29,#FFFFFF
40,29,#FEFEFE
41,29,#FEFEFE
42,29,#FFFFFF
43,29,#FFFFFF
44,29,#FFFFFF
45,29,#FFFFFF
46,29,#FEFEFE
47,29,#FFFFFF
48,29,#FFFFFF
49,29,#FFFFFF
50,29,#FFFFFF
51,29,#FFFFFF
52,29,#FFFFFF
53,29,#FFFFFF
54,29,#FFFFFF
55,29,#FFFFFF
56,29,#FFFFFF
57,29,#FFFFFF
58,29,#FFFFFF
59,29,#FFFFFF
60,29,#FFFFFF
61,29,#FFFFFF
62,29,#FFFFFF
63,29,#FFFFFF
0,30,#FFFFFF
1,30,#FFFFFF
2,30,#FFFFFF
3,30,#FFFFFF
4,30,#FFFFFF
5,30,#FFFFFF
6,30,#FFFFFF
7,30,#FFFFFF
8,30,#FFFFFF
9,30,#FFFFFF
10,30,#B7B7BB
11,30,#454651
12,30,#4C4D58
13,30,#4C4D58
14,30,#4C4D58
15,30,#4C4D58
16,30,#4C4D58
17,30,#4C4D58
18,30,#4C4D58
19,30,#4C4D58
20,30,#4C4D58
21,30,#4C4D58
22,30,#4C4D58
23,30,#4C4D58
24,30,#4C4D58
25,30,#4C4D58
26,30,#4C4D58
27,30,#4C4D58
28,30,#4C4D58
29,30,#4C4D58
30,30,#4C4D58
31,30,#4C4D58
32,30,#4C4D58
33,30,#4C4D58
34,30,#4C4D58
35,30,#4C4D58
36,30,#4C4D58
37,30,#4C4D58
38,30,#4C4D58
39,30,#4C4D58
40,30,#4C4D58
41,30,#4C4D58
42,30,#4C4D58
43,30,#4C4D58
44,30,#4C4D58
45,30,#4C4D58
46,30,#4C4D58
47,30,#4C4D58
48,30,#4C4D58
49,30,#4C4D58
50,30,#4C4D58
51,30,#4C4D58
52,30,#454651
53,30,#B6B6BA
54,30,#FFFFFF
55,30,#FFFFFF
56,30,#FFFFFF
57,30,#FFFFFF
58,30,#FFFFFF
59,30,#FFFFFF
60,30,#FFFFFF
61,30,#FFFFFF
62,30,#FFFFFF
63,30,#FFFFFF
0,31,#FFFFFF
1,31,#FFFFFF
2,31,#FFFFFF
3,31,#FFFFFF
4,31,#FFFFFF
5,31,#FFFFFF
6,31,#FFFFFF
7,31,#FFFFFF
8,31,#FFFFFF
9,31,#FFFFFF
10,31,#A3A3A8
11,31,#10111F
12,31,#191A28
13,31,#191A28
14,31,#191A28
15,31,#191A28
16,31,#191A28
17,31,#191A28
18,31,#191A28
19,31,#191A28
20,31,#191A28
21,31,#191A28
22,31,#191A28
23,31,#191A28
24,31,#191A28
25,31,#191A28
26,31,#191A28
27,31,#191A28
28,31,#191A28
29,31,#191A28
30,31,#191A28
31,31,#191A28
32,31,#191A28
33,31,#191A28
34,31,#191A28
35,31,#191A28
36,31,#191A28
37,31,#191A28
38,31,#191A28
39,31,#191A28
40,31,#191A28
41,31,#191A28
42,31,#191A28
43,31,#191A28
44,31,#191A28
45,31,#191A28
46,31,#191A28
47,31,#191A28
48,31,#191A28
49,31,#191A28
50,31,#191A28
51,31,#191A28
52,31,#10111F
53,31,#A1A1A6
54,31,#FFFFFF
55,31,#FFFFFF
56,31,#FFFFFF
57,31,#FFFFFF
58,31,#FFFFFF
59,31,#FFFFFF
60,31,#FFFFFF
61,31,#FFFFFF
62,31,#FFFFFF
63,31,#FFFFFF
0,32,#FFFFFF
1,32,#FFFFFF
2,32,#FFFFFF
3,32,#FFFFFF
4,32,#FFFFFF
5,32,#FFFFFF
6,32,#FFFFFF
7,32,#FFFFFF
8,32,#FFFFFF
9,32,#FFFFFF
10,32,#A5A5AA
11,32,#161725
12,32,#1F202D
13,32,#1F202D
14,32,#1F202D
15,32,#1F202D
16,32,#1F202D
17,32,#1F202D
18,32,#1F202D
19,32,#1F202D
20,32,#1F202D
21,32,#1F202D
22,32,#1F202D
23,32,#1F202D
24,32,#1F202D
25,32,#1F202D
26,32,#1F202D
27,32,#1F202D
28,32,#1F202D
29,32,#1F202D
30,32,#1F202D
31,32,#1F202D
32,32,#1F202D
33,32,#1F202D
34,32,#1F202D
35,32,#1F202D
36,32,#1F202D
37,32,#1F202D
38,32,#1F202D
39,32,#1F202D
40,32,#1F202D
41,32,#1F202D
42,32,#1F202D
43,32,#1F202D
44,32,#1F202D
45,32,#1F202D
46,32,#1F202D
47,32,#1F202D
48,32,#1F202D
49,32,#1F202D
50,32,#1F202D
51,32,#1F202D
52,32,#161725
53,32,#A3A3A8
54,32,#FFFFFF
55,32,#FFFFFF
56,32,#FFFFFF
57,32,#FFFFFF
58,32,#FFFFFF
59,32,#FFFFFF
60,32,#FFFFFF
61,32,#FFFFFF
62,32,#FFFFFF
63,32,#FFFFFF
0,33,#FFFFFF
1,33,#FFFFFF
2,33,#FFFFFF
3,33,#FFFFFF
4,33,#FFFFFF
5,33,#FFFFFF
6,33,#FFFFFF
7,33,#FFFFFF
8,33,#FFFFFF
9,33,#FFFFFF
10,33,#A5A5AA
11,33,#161725
12,33,#1F202D
13,33,#1F202D
14,33,#1F202D
15,33,#1F202D
16,33,#1F202D
17,33,#1F202D
18,33,#1F202D
19,33,#1F202D
20,33,#1F202D
21,33,#1F202D
22,33,#1F202D
23,33,#1F202D
24,33,#1F202D
25,33,#1F202D
26,33,#1F202D
27,33,#1F202D
28,33,#1F202D
29,33,#1F202D
30,33,#1F202D
31,33,#1F202D
32,33,#1F202D
33,33,#1F202D
34,33,#1F202D
35,33,#1F202D
36,33,#1F202D
37,33,#1F202D
38,33,#1F202D
39,33,#1F202D
40,33,#1F202D
41,33,#1F202D
42,33,#1F202D
43,33,#1F202D
44,33,#1F202D
45,33,#1F202D
46,33,#1F202D
47,33,#1F202D
48,33,#1F202D
49,33,#1F202D
50,33,#1F202D
51,33,#1F202D
52,33,#161725
53,33,#A3A3A8
54,33,#FFFFFF
55,33,#FFFFFF
56,33,#FFFFFF
57,33,#FFFFFF
58,33,#FFFFFF
59,33,#FFFFFF
60,33,#FFFFFF
61,33,#FFFFFF
62,33,#FFFFFF
63,33,#FFFFFF
0,34,#FFFFFF
1,34,#FFFFFF
2,34,#FFFFFF
3,34,#FFFFFF
4,34,#FFFFFF
5,34,#FFFFFF
6,34,#FFFFFF
7,34,#FFFFFF
8,34,#FFFFFF
9,34,#FFFFFF
10,34,#A5A5AA
11,34,#161725
12,34,#1F202D
13,34,#1F202D
14,34,#1F202D
15,34,#1F202D
16,34,#1F202D
17,34,#1F202D
18,34,#1F202D
19,34,#1F202D
20,34,#1F202D
21,34,#1F202D
22,34,#1F202D
23,34,#1F202D
24,34,#1F202D
25,34,#1F202D
26,34,#1F202D
27,34,#1F202D
28,34,#1F202D
29,34,#1F202D
30,34,#1F202D
31,34,#1F202D
32,34,#1F202D
33,34,#1F202D
34,34,#1F202D
35,34,#1F202D
36,34,#1F202D
37,34,#1F202D
38,34,#1F202D
39,34,#1F202D
40,34,#1F202D
41,34,#1F202D
42,34,#1F202D
43,34,#1F202D
44,34,#1F202D
45,34,#1F202D
46,34,#1F202D
47,34,#1F202D
48,34,#1F202D
49,34,#1F202D
50,34,#1F202D
51,34,#1F202D
52,34,#161725
53,34,#A3A3A8
54,34,#FFFFFF
55,34,#FFFFFF
56,34,#FFFFFF
57,34,#FFFFFF
58,34,#FFFFFF
59,34,#FFFFFF
60,34,#FFFFFF
61,34,#FFFFFF
62,34,#FFFFFF
63,34,#FFFFFF
0,35,#FFFFFF
1,35,#FFFFFF
2,35,#FFFFFF
3,35,#FFFFFF
4,35,#FFFFFF
5,35,#FFFFFF
6,35,#FFFFFF
7,35,#FFFFFF
8,35,#FFFFFF
9,35,#FFFFFF
10,35,#A5A5AA
11,35,#161725
12,35,#1F202D
13,35,#1F202D
14,35,#1F202D
15,35,#1F202D
16,35,#1F202D
17,35,#1F202D
18,35,#1F202D
19,35,#1F202D
20,35,#1F202D
21,35,#1F202D
22,35,#1F202D
23,35,#1F202D
24,35,#1F202D
25,35,#1F202D
26,35,#1F202D
27,35,#1F202D
28,35,#1F202D
29,35,#1F202D
30,35,#1F202D
31,35,#1F202D
32,35,#1F202D
33,35,#1F202D
34,35,#1F202D
35,35,#1F202D
36,35,#1F202D
37,35,#1F202D
38,35,#1F202D
39,35,#1F202D
40,35,#1F202D
41,35,#1F202D
42,35,#1F202D
43,35,#1F202D
44,35,#1F202D
45,35,#1F202D
46,35,#1F202D
47,35,#1F202D
48,35,#1F202D
49,35,#1F202D
50,35,#1F202D
51,35,#1F202D
52,35,#161725
53,35,#A3A3A8
54,35,#FFFFFF
55,35,#FFFFFF
56,35,#FFFFFF
57,35,#FFFFFF
58,35,#FFFFFF
59,35,#FFFFFF
60,35,#FFFFFF
61,35,#FFFFFF
62,35,#FFFFFF
63,35,#FFFFFF
0,36,#FFFFFF
1,36,#FFFFFF
2,36,#FFFFFF
3,36,#FFFFFF
4,36,#FFFFFF
5,36,#FFFFFF
6,36,#FFFFFF
7,36,#FFFFFF
8,36,#FFFFFF
9,36,#FFFFFF
10,36,#A5A5AA
11,36,#161725
12,36,#1F202D
13,36,#1F202D
14,36,#1F202D
15,36,#1F202D
16,36,#1F202D
17,36,#1F202D
18,36,#1F202D
19,36,#1F202D
20,36,#1F202D
21,36,#1F202D
22,36,#1F202D
23,36,#1F202D
24,36,#1F202D
25,36,#1F202D
26,36,#1F202D
27,36,#1F202D
28,36,#1F202D
29,36,#1F202D
30,36,#1F202D
31,36,#1F202D
32,36,#1F202D
33,36,#1F202D
34,36,#1F202D
35,36,#1F202D
36,36,#1F202D
37,36,#1F202D
38,36,#1F202D
39,36,#1F202D
40,36,#1F202D
41,36,#1F202D
42,36,#1F202D
43,36,#1F202D
44,36,#1F202D
45,36,#1F202D
46,36,#1F202D
47,36,#1F202D
48,36,#1F202D
49,36,#1F202D
50,36,#1F202D
51,36,#1F202D
52,36,#161725
53,36,#A3A3A8
54,36,#FFFFFF
55,36,#FFFFFF
56,36,#FFFFFF
57,36,#FFFFFF
58,36,#FFFFFF
59,36,#FFFFFF
60,36,#FFFFFF
61,36,#FFFFFF
62,36,#FFFFFF
63,36,#FFFFFF
0,37,#FFFFFF
1,37,#FFFFFF
2,37,#FFFFFF
3,37,#FFFFFF
4,37,#FFFFFF
5,37,#FFFFFF
6,37,#FFFFFF
7,37,#FFFFFF
8,37,#FFFFFF
9,37,#FFFFFF
10,37,#A5A5AA
11,37,#161725
12,37,#1F202D
13,37,#1F202D
14,37,#1F202D
15,37,#1F202D
16,37,#1F202D
17,37,#1F202D
18,37,#1F202D
19,37,#1F202D
20,37,#1F202D
21,37,#1F202D
22,37,#1F202D
23,37,#1F202D
24,37,#1F202D
25,37,#1F202D
26,37,#1F202D
27,37,#1F202D
28,37,#1F202D
29,37,#1F202D
30,37,#1F202D
31,37,#1F202D
32,37,#1F202D
33,37,#1F202D
34,37,#1F202D
35,37,#1F202D
36,37,#1F202D
37,37,#1F202D
38,37,#1F202D
39,37,#1F202D
40,37,#1F202D
41,37,#1F202D
42,37,#1F202D
43,37,#1F202D
44,37,#1F202D
45,37,#1F202D
46,37,#1F202D
47,37,#1F202D
48,37,#1F202D
49,37,#1F202D
50,37,#1F202D
51,37,#1F202D
52,37,#161725
53,37,#A3A3A8
54,37,#FFFFFF
55,37,#FFFFFF
56,37,#FFFFFF
57,37,#FFFFFF
58,37,#FFFFFF
59,37,#FFFFFF
60,37,#FFFFFF
61,37,#FFFFFF
62,37,#FFFFFF
63,37,#FFFFFF
0,38,#FFFFFF
1,38,#FFFFFF
2,38,#FFFFFF
3,38,#FFFFFF
4,38,#FFFFFF
5,38,#FFFFFF
6,38,#FFFFFF
7,38,#FFFFFF
8,38,#FFFFFF
9,38,#FFFFFF
10,38,#A5A5AA
11,38,#161725
12,38,#1F202D
13,38,#1F202D
14,38,#1F202D
15,38,#1F202D
16,38,#1F202D
17,38,#1F202D
18,38,#1F202D
19,38,#1F202D
20,38,#1F202D
21,38,#1F202D
22,38,#1F202D
23,38,#1F202D
24,38,#1F202D
25,38,#1F202D
26,38,#1F202D
27,38,#1F202D
28,38,#1F202D
29,38,#1F202D
30,38,#1F202D
31,38,#1F202D
32,38,#1F202D
33,38,#1F202D
34,38,#1F202D
35,38,#1F202D
36,38,#1F202D
37,38,#1F202D
38,38,#1F202D
39,38,#1F202D
40,38,#1F202D
41,38,#1F202D
42,38,#1F202D
43,38,#1F202D
44,38,#1F202D
45,38,#1F202D
46,38,#1F202D
47,38,#1F202D
48,38,#1F202D
49,38,#1F202D
50,38,#1F202D
51,38,#1F202D
52,38,#161725
53,38,#A3A3A8
54,38,#FFFFFF
55,38,#FFFFFF
56,38,#FFFFFF
57,38,#FFFFFF
58,38,#FFFFFF
59,38,#FFFFFF
60,38,#FFFFFF
61,38,#FFFFFF
62,38,#FFFFFF
63,38,#FFFFFF
0,39,#FFFFFF
1,39,#FFFFFF
2,39,#FFFFFF
3,39,#FFFFFF
4,39,#FFFFFF
5,39,#FFFFFF
6,39,#FFFFFF
7,39,#FFFFFF
8,39,#FFFFFF
9,39,#FFFFFF
10,39,#A5A5AA
11,39,#161725
12,39,#1F202D
13,39,#1F202D
14,39,#1F202D
15,39,#1F202D
16,39,#1F202D
17,39,#1F202D
18,39,#1F202D
19,39,#1F202D
20,39,#1F202D
21,39,#1F202D
22,39,#1F202D
23,39,#1F202D
24,39,#1F202D
25,39,#1F202D
26,39,#1F202D
27,39,#1F202D
28,39,#1F202D
29,39,#1F202D
30,39,#1F202D
31,39,#1F202D
32,39,#1F202D
33,39,#1F202D
34,39,#1F202D
35,39,#1F202D
36,39,#1F202D
37,39,#1F202D
38,39,#1F202D
39,39,#1F202D
40,39,#1F202D
41,39,#1F202D
42,39,#1F202D
43,39,#1F202D
44,39,#1F202D
45,39,#1F202D
46,39,#1F202D
47,39,#1F202D
48,39,#1F202D
49,39,#1F202D
50,39,#1F202D
51,39,#1F202D
52,39,#161725
53,39,#A3A3A8
54,39,#FFFFFF
55,39,#FFFFFF
56,39,#FFFFFF
57,39,#FFFFFF
58,39,#FFFFFF
59,39,#FFFFFF
60,39,#FFFFFF
61,39,#FFFFFF
62,39,#FFFFFF
63,39,#FFFFFF
0,40,#FFFFFF
1,40,#FFFFFF
2,40,#FFFFFF
3,40,#FFFFFF
4,40,#FFFFFF
5,40,#FFFFFF
6,40,#FFFFFF
7,40,#FFFFFF
8,40,#FFFFFF
9,40,#FFFFFF
10,40,#A5A5AA
11,40,#161725
12,40,#1F202D
13,40,#1F202D
14,40,#1F202D
15,40,#1F202D
16,40,#1F202D
17,40,#1F202D
18,40,#1F202D
19,40,#1F202D
20,40,#1F202D
21,40,#1F202D
22,40,#1F202D
23,40,#1F202D
24,40,#1F202D
25,40,#1F202D
26,40,#1F202D
27,40,#1F202D
28,40,#1F202D
29,40,#1F202D
30,40,#1F202D
31,40,#1F202D
32,40,#1F202D
33,40,#1F202D
34,40,#1F202D
35,40,#1F202D
36,40,#1F202D
37,40,#1F202D
38,40,#1F202D
39,40,#1F202D
40,40,#1F202D
41,40,#1F202D
42,40,#1F202D
43,40,#1F202D
44,40,#1F202D
45,40,#1F202D
46,40,#1F202D
47,40,#1F202D
48,40,#1F202D
49,40,#1F202D
50,40,#1F202D
51,40,#1F202D
52,40,#161725
53,40,#A3A3A8
54,40,#FFFFFF
55,40,#FFFFFF
56,40,#FFFFFF
57,40,#FFFFFF
58,40,#FFFFFF
59,40,#FFFFFF
60,40,#FFFFFF
61,40,#FFFFFF
62,40,#FFFFFF
63,40,#FFFFFF
0,41,#FFFFFF
1,41,#FFFFFF
2,41,#FFFFFF
3,41,#FFFFFF
4,41,#FFFFFF
5,41,#FFFFFF
6,41,#FFFFFF
7,41,#FFFFFF
8,41,#FFFFFF
9,41,#FFFFFF
10,41,#A5A5AA
11,41,#161725
12,41,#1F202D
13,41,#1F202D
14,41,#1F202D
15,41,#1F202D
16,41,#1F202D
17,41,#1F202D
18,41,#1F202D
19,41,#1F202D
20,41,#1F202D
21,41,#1F202D
22,41,#1F202D
23,41,#1F202D
24,41,#1F202D
25,41,#1F202D
26,41,#1F202D
27,41,#1F202D
28,41,#1F202D
29,41,#1F202D
30,41,#1F202D
31,41,#1F202D
32,41,#1F202D
33,41,#1F202D
34,41,#1F202D
35,41,#1F202D
36,41,#1F202D
37,41,#1F202D
38,41,#1F202D
39,41,#1F202D
40,41,#1F202D
41,41,#1F202D
42,41,#1F202D
43,41,#1F202D
44,41,#1F202D
45,41,#1F202D
46,41,#1F202D
47,41,#1F202D
48,41,#1F202D
49,41,#1F202D
50,41,#1F202D
51,41,#1F202D
52,41,#161725
53,41,#A3A3A8
54,41,#FFFFFF
55,41,#FFFFFF
56,41,#FFFFFF
57,41,#FFFFFF
58,41,#FFFFFF
59,41,#FFFFFF
60,41,#FFFFFF
61,41,#FFFFFF
62,41,#FFFFFF
63,41,#FFFFFF
0,42,#FFFFFF
1,42,#FFFFFF
2,42,#FFFFFF
3,42,#FFFFFF
4,42,#FFFFFF
5,42,#FFFFFF
6,42,#FFFFFF
7,42,#FFFFFF
8,42,#FFFFFF
9,42,#FFFFFF
10,42,#A5A5AA
11,42,#161725
12,42,#1F202D
13,42,#1F202D
14,42,#1F202D
15,42,#1F202D
16,42,#1F202D
17,42,#1F202D
18,42,#1F202D
19,42,#1F202D
20,42,#1F202D
21,42,#1F202D
22,42,#1F202D
23,42,#1F202D
24,42,#1F202D
25,42,#1F202D
26,42,#1F202D
27,42,#1F202D
28,42,#1F202D
29,42,#1F202D
30,42,#1F202D
31,42,#1F202D
32,42,#1F202D
33,42,#1F202D
34,42,#1F202D
35,42,#1F202D
36,42,#1F202D
37,42,#1F202D
38,42,#1F202D
39,42,#1F202D
40,42,#1F202D
41,42,#1F202D
42,42,#1F202D
43,42,#1F202D
44,42,#1F202D
45,42,#1F202D
46,42,#1F202D
47,42,#1F202D
48,42,#1F202D
49,42,#1F202D
50,42,#1F202D
51,42,#1F202D
52,42,#161725
53,42,#A3A3A8
54,42,#FFFFFF
55,42,#FFFFFF
56,42,#FFFFFF
57,42,#FFFFFF
58,42,#FFFFFF
59,42,#FFFFFF
60,42,#FFFFFF
61,42,#FFFFFF
62,42,#FFFFFF
63,42,#FFFFFF
0,43,#FFFFFF
1,43,#FFFFFF
2,43,#FFFFFF
3,43,#FFFFFF
4,43,#FFFFFF
5,43,#FFFFFF
6,43,#FFFFFF
7,43,#FFFFFF
8,43,#FFFFFF
9,43,#FFFFFF
10,43,#A5A5AA
11,43,#161725
12,43,#1F202D
13,43,#1F202D
14,43,#1F202D
15,43,#1F202D
16,43,#1F202D
17,43,#1F202D
18,43,#1F202D
19,43,#1F202D
20,43,#1F202D
21,43,#1F202D
22,43,#1F202D
23,43,#1F202D
24,43,#1F202D
25,43,#1F202D
26,43,#1F202D
27,43,#1F202D
28,43,#1F202D
29,43,#1F202D
30,43,#1F202D
31,43,#1F202D
32,43,#1F202D
33,43,#1F202D
34,43,#1F202D
35,43,#1F202D
36,43,#1F202D
37,43,#1F202D
38,43,#1F202D
39,43,#1F202D
40,43,#1F202D
41,43,#1F202D
42,43,#1F202D
43,43,#1F202D
44,43,#1F202D
45,43,#1F202D
46,43,#1F202D
47,43,#1F202D
48,43,#1F202D
49,43,#1F202D
50,43,#1F202D
51,43,#1F202D
52,43,#161725
53,43,#A3A3A8
54,43,#FFFFFF
55,43,#FFFFFF
56,43,#FFFFFF
57,43,#FFFFFF
58,43,#FFFFFF
59,43,#FFFFFF
60,43,#FFFFFF
61,43,#FFFFFF
62,43,#FFFFFF
63,43,#FFFFFF
0,44,#FFFFFF
1,44,#FFFFFF
2,44,#FFFFFF
3,44,#FFFFFF
4,44,#FFFFFF
5,44,#FFFFFF
6,44,#FFFFFF
7,44,#FFFFFF
8,44,#FFFFFF
9,44,#FFFFFF
10,44,#A3A3A8
11,44,#141523
12,44,#1F202D
13,44,#1F202D
14,44,#1F202D
15,44,#1F202D
16,44,#1F202D
17,44,#1F202D
18,44,#1F202D
19,44,#1F202D
20,44,#1F202D
21,44,#1F202D
22,44,#1F202D
23,44,#1F202D
24,44,#1F202D
25,44,#1F202D
26,44,#1F202D
27,44,#1F202D
28,44,#1F202D
29,44,#1F202D
30,44,#1F202D
31,44,#1F202D
32,44,#1F202D
33,44,#1F202D
34,44,#1F202D
35,44,#1F202D
36,44,#1F202D
37,44,#1F202D
38,44,#1F202D
39,44,#1F202D
40,44,#1F202D
41,44,#1F202D
42,44,#1F202D
43,44,#1F202D
44,44,#1F202D
45,44,#1F202D
46,44,#1F202D
47,44,#1F202D
48,44,#1F202D
49,44,#1F202D
50,44,#1F202D
51,44,#1F202D
52,44,#141524
53,44,#A1A1A6
54,44,#FFFFFF
55,44,#FFFFFF
56,44,#FFFFFF
57,44,#FFFFFF
58,44,#FFFFFF
59,44,#FFFFFF
60,44,#FFFFFF
61,44,#FFFFFF
62,44,#FFFFFF
63,44,#FFFFFF
0,45,#FFFFFF
1,45,#FFFFFF
2,45,#FFFFFF
3,45,#FFFFFF
4,45,#FFFFFF
5,45,#FFFFFF
6,45,#FFFFFF
7,45,#FFFFFF
8,45,#FFFFFF
9,45,#FFFFFF
10,45,#B3B3B7
11,45,#1D1E2B
12,45,#161724
13,45,#1B1C2A
14,45,#1F202D
15,45,#1F202D
16,45,#1F202D
17,45,#1F202D
18,45,#1F202D
19,45,#1F202D
20,45,#1F202D
21,45,#1F202D
22,45,#1F202D
23,45,#1F202D
24,45,#1F202D
25,45,#1F202D
26,45,#1F202D
27,45,#1F202D
28,45,#1F202D
29,45,#1F202D
30,45,#1F202D
31,45,#1F202D
32,45,#1F202D
33,45,#1F202D
34,45,#1F202D
35,45,#1F202D
36,45,#1F202D
37,45,#1F202D
38,45,#1F202D
39,45,#1F202D
40,45,#1F202D
41,45,#1F202D
42,45,#1F202D
43,45,#1F202D
44,45,#1F202D
45,45,#1F202D
46,45,#1F202D
47,45,#1F202D
48,45,#1F202D
49,45,#1F202D
50,45,#1C1D2A
51,45,#161724
52,45,#1B1C2A
53,45,#B0B0B4
54,45,#FFFFFF
55,45,#FFFFFF
56,45,#FFFFFF
57,45,#FFFFFF
58,45,#FFFFFF
59,45,#FFFFFF
60,45,#FFFFFF
61,45,#FFFFFF
62,45,#FFFFFF
63,45,#FFFFFF
0,46,#FFFFFF
1,46,#FFFFFF
2,46,#FFFFFF
3,46,#FFFFFF
4,46,#FFFFFF
5,46,#FFFFFF
6,46,#FFFFFF
7,46,#FFFFFF
8,46,#FFFFFF
9,46,#FFFFFF
10,46,#FCFCFD
11,46,#D3D3D6
12,46,#808188
13,46,#363743
14,46,#171826
15,46,#181927
16,46,#1E1F2C
17,46,#1F202D
18,46,#1F202D
19,46,#1F202D
20,46,#1F202D
21,46,#1F202D
22,46,#1F202D
23,46,#1F202D
24,46,#1F202D
25,46,#1F202D
26,46,#1F202D
27,46,#1F202D
28,46,#1F202D
29,46,#1F202D
30,46,#1F202D
31,46,#1F202D
32,46,#1F202D
33,46,#1F202D
34,46,#1F202D
35,46,#1F202D
36,46,#1F202D
37,46,#1F202D
38,46,#1F202D
39,46,#1F202D
40,46,#1F202D
41,46,#1F202D
42,46,#1F202D
43,46,#1F202D
44,46,#1F202D
45,46,#1F202D
46,46,#1F202D
47,46,#1E1F2C
48,46,#191A27
49,46,#171826
50,46,#343440
51,46,#7C7D84
52,46,#CFD0D3
53,46,#FBFCFC
54,46,#FFFFFF
55,46,#FFFFFF
56,46,#FFFFFF
57,46,#FFFFFF
58,46,#FFFFFF
59,46,#FFFFFF
60,46,#FFFFFF
61,46,#FFFFFF
62,46,#FFFFFF
63,46,#FFFFFF
0,47,#FFFFFF
1,47,#FFFFFF
2,47,#FFFFFF
3,47,#FFFFFF
4,47,#FFFFFF
5,47,#FFFFFF
6,47,#FFFFFF
7,47,#FFFFFF
8,47,#FFFFFF
9,47,#FFFFFF
10,47,#FFFFFF
11,47,#FFFFFF
12,47,#FFFFFF
13,47,#EEEEEF
14,47,#A9A9AE
15,47,#54555F
16,47,#20212E
17,47,#161725
18,47,#1C1D2A
19,47,#1F202D
20,47,#1F202D
21,47,#1F202D
22,47,#1F202D
23,47,#1F202D
24,47,#1F202D
25,47,#1F202D
26,47,#1F202D
27,47,#1F202D
28,47,#1F202D
29,47,#1F202D
30,47,#1F202D
31,47,#1F202D
32,47,#1F202D
33,47,#1F202D
34,47,#1F202D
35,47,#1F202D
36,47,#1F202D
37,47,#1F202D
38,47,#1F202D
39,47,#1F202D
40,47,#1F202D
41,47,#1F202D
42,47,#1F202D
43,47,#1F202D
44,47,#1F202D
45,47,#1C1D2A
46,47,#161725
47,47,#1F202D
48,47,#51525C
49,47,#A5A5AB
50,47,#ECECED
51,47,#FFFFFF
52,47,#FFFFFF
53,47,#FFFFFF
54,47,#FFFFFF
55,47,#FFFFFF
56,47,#FFFFFF
57,47,#FFFFFF
58,47,#FFFFFF
59,47,#FFFFFF
60,47,#FFFFFF
61,47,#FFFFFF
62,47,#FFFFFF
63,47,#FFFFFF
0,48,#FFFFFF
1,48,#FFFFFF
2,48,#FFFFFF
3,48,#FFFFFF
4,48,#FFFFFF
5,48,#FFFFFF
6,48,#FFFFFF
7,48,#FFFFFF
8,48,#FFFFFF
9,48,#FFFFFF
10,48,#FFFFFF
11,48,#FFFFFF
12,48,#FFFFFF
13,48,#FFFFFF
14,48,#FFFFFF
15,48,#FFFFFF
16,48,#CECED1
17,48,#7A7B83
18,48,#32333F
19,48,#171825
20,48,#191A27
21,48,#1E1F2C
22,48,#1F202D
23,48,#1F202D
24,48,#1F202D
25,48,#1F202D
26,48,#1F202D
27,48,#1F202D
28,48,#1F202D
29,48,#1F202D
30,48,#1F202D
31,48,#1F202D
32,48,#1F202D
33,48,#1F202D
34,48,#1F202D
35,48,#1F202D
36,48,#1F202D
37,48,#1F202D
38,48,#1F202D
39,48,#1F202D
40,48,#1F202D
41,48,#1F202D
42,48,#1E1F2C
43,48,#191A27
44,48,#161825
45,48,#30313D
46,48,#76777F
47,48,#CACBCE
48,48,#FDFDFE
49,48,#FFFFFF
50,48,#FFFFFF
51,48,#FFFFFF
52,48,#FFFFFF
53,48,#FFFFFF
54,48,#FFFFFF
55,48,#FFFFFF
56,48,#FFFFFF
57,48,#FFFFFF
58,48,#FFFFFF
59,48,#FFFFFF
60,48,#FFFFFF
61,48,#FFFFFF
62,48,#FFFFFF
63,48,#FFFFFF
0,49,#FFFFFF
1,49,#FFFFFF
2,49,#FFFFFF
3,49,#FFFFFF
4,49,#FFFFFF
5,49,#FFFFFF
6,49,#FFFFFF
7,49,#FFFFFF
8,49,#FFFFFF
9,49,#FFFFFF
10,49,#FFFFFF
11,49,#FFFFFF
12,49,#FFFFFF
13,49,#FFFFFF
14,49,#FFFFFF
15,49,#FFFFFF
16,49,#FFFFFF
17,49,#FFFFFF
18,49,#EAEBEC
19,49,#A3A4A9
20,49,#50505A
21,49,#1E1F2C
22,49,#161725
23,49,#1C1D2A
24,49,#1F202D
25,49,#1F202D
26,49,#1F202D
27,49,#1F202D
28,49,#1F202D
29,49,#1F202D
30,49,#1F202D
31,49,#1F202D
32,49,#1F202D
33,49,#1F202D
34,49,#1F202D
35,49,#1F202D
36,49,#1F202D
37,49,#1F202D
38,49,#1F202D
39,49,#1F202D
40,49,#1C1D2B
41,49,#161725
42,49,#1D1E2B
43,49,#4C4D57
44,49,#9FA0A5
45,49,#E8E8EA
46,49,#FFFFFF
47,49,#FFFFFF
48,49,#FFFFFF
49,49,#FFFFFF
50,49,#FFFFFF
51,49,#FFFFFF
52,49,#FFFFFF
53,49,#FFFFFF
54,49,#FFFFFF
55,49,#FFFFFF
56,49,#FFFFFF
57,49,#FFFFFF
58,49,#FFFFFF
59,49,#FFFFFF
60,49,#FFFFFF
61,49,#FFFFFF
62,49,#FFFFFF
63,49,#FFFFFF
0,50,#FFFFFF
1,50,#FFFFFF
2,50,#FFFFFF
3,50,#FFFFFF
4,50,#FFFFFF
5,50,#FFFFFF
6,50,#FFFFFF
7,50,#FFFFFF
8,50,#FFFFFF
9,50,#FFFFFF
10,50,#FFFFFF
11,50,#FFFFFF
12,50,#FFFFFF
13,50,#FFFFFF
14,50,#FFFFFF
15,50,#FFFFFF
16,50,#FFFFFF
17,50,#FFFFFF
18,50,#FFFFFF
19,50,#FFFFFF
20,50,#FDFDFD
21,50,#C9C9CC
22,50,#75757D
23,50,#2F303C
24,50,#161725
25,50,#191A28
26,50,#1E1F2C
27,50,#1F202D
28,50,#1F202D
29,50,#1F202D
30,50,#1F202D
31,50,#1F202D
32,50,#1F202D
33,50,#1F202D
34,50,#1F202D
35,50,#1F202D
36,50,#1F202D
37,50,#1E1F2C
38,50,#1A1B28
39,50,#161725
40,50,#2D2E3A
41,50,#70717A
42,50,#C6C6C9
43,50,#FCFCFC
44,50,#FFFFFF
45,50,#FFFFFF
46,50,#FFFFFF
47,50,#FFFFFF
48,50,#FFFFFF
49,50,#FFFFFF
50,50,#FFFFFF
51,50,#FFFFFF
52,50,#FFFFFF
53,50,#FFFFFF
54,50,#FFFFFF
55,50,#FFFFFF
56,50,#FFFFFF
57,50,#FFFFFF
58,50,#FFFFFF
59,50,#FFFFFF
60,50,#FFFFFF
61,50,#FFFFFF
62,50,#FFFFFF
63,50,#FFFFFF
0,51,#FFFFFF
1,51,#FFFFFF
2,51,#FFFFFF
3,51,#FFFFFF
4,51,#FFFFFF
5,51,#FFFFFF
6,51,#FFFFFF
7,51,#FFFFFF
8,51,#FFFFFF
9,51,#FFFFFF
10,51,#FFFFFF
11,51,#FFFFFF
12,51,#FFFFFF
13,51,#FFFFFF
14,51,#FFFFFF
15,51,#FFFFFF
16,51,#FFFFFF
17,51,#FFFFFF
18,51,#FFFFFF
19,51,#FFFFFF
20,51,#FFFFFF
21,51,#FFFFFF
22,51,#FFFFFF
23,51,#E7E7E9
24,51,#9D9EA4
25,51,#4B4B56
26,51,#1D1E2B
27,51,#161825
28,51,#1C1D2B
29,51,#1F202D
30,51,#1F202D
31,51,#1F202D
32,51,#1F202D
33,51,#1F202D
34,51,#1F202D
35,51,#1D1E2B
36,51,#171825
37,51,#1C1D2A
38,51,#484853
39,51,#999AA0
40,51,#E4E5E6
41,51,#FFFFFF
42,51,#FFFFFF
43,51,#FFFFFF
44,51,#FFFFFF
45,51,#FFFFFF
46,51,#FFFFFF
47,51,#FFFFFF
48,51,#FFFFFF
49,51,#FFFFFF
50,51,#FFFFFF
51,51,#FFFFFF
52,51,#FFFFFF
53,51,#FFFFFF
54,51,#FFFFFF
55,51,#FFFFFF
56,51,#FFFFFF
57,51,#FFFFFF
58,51,#FFFFFF
59,51,#FFFFFF
60,51,#FFFFFF
61,51,#FFFFFF
62,51,#FFFFFF
63,51,#FFFFFF
0,52,#FFFFFF
1,52,#FFFFFF
2,52,#FFFFFF
3,52,#FFFFFF
4,52,#FFFFFF
5,52,#FFFFFF
6,52,#FFFFFF
7,52,#FFFFFF
8,52,#FFFFFF
9,52,#FFFFFF
10,52,#FFFFFF
11,52,#FFFFFF
12,52,#FFFFFF
13,52,#FFFFFF
14,52,#FFFFFF
15,52,#FFFFFF
16,52,#FFFFFF
17,52,#FFFFFF
18,52,#FFFFFF
19,52,#FFFFFF
20,52,#FFFFFF
21,52,#FFFFFF
22,52,#FFFFFF
23,52,#FFFFFF
24,52,#FFFFFF
25,52,#FBFBFB
26,52,#C4C4C8
27,52,#6F6F78
28,52,#2C2D39
29,52,#161725
30,52,#1A1B28
31,52,#1E1F2D
32,52,#1F202D
33,52,#1A1B28
34,52,#161724
35,52,#2A2B38
36,52,#6B6C74
37,52,#C0C1C4
38,52,#F9F9FA
39,52,#FFFFFF
40,52,#FFFFFF
41,52,#FFFFFF
42,52,#FFFFFF
43,52,#FFFFFF
44,52,#FFFFFF
45,52,#FFFFFF
46,52,#FFFFFF
47,52,#FFFFFF
48,52,#FFFFFF
49,52,#FFFFFF
50,52,#FFFFFF
51,52,#FFFFFF
52,52,#FFFFFF
53,52,#FFFFFF
54,52,#FFFFFF
55,52,#FFFFFF
56,52,#FFFFFF
57,52,#FFFFFF
58,52,#FFFFFF
59,52,#FFFFFF
60,52,#FFFFFF
61,52,#FFFFFF
62,52,#FFFFFF
63,52,#FFFFFF
0,53,#FFFFFF
1,53,#FFFFFF
2,53,#FFFFFF
3,53,#FFFFFF
4,53,#FFFFFF
5,53,#FFFFFF
6,53,#FFFFFF
7,53,#FFFFFF
8,53,#FFFFFF
9,53,#FFFFFF
10,53,#FFFFFF
11,53,#FFFFFF
12,53,#FFFFFF
13,53,#FFFFFF
14,53,#FFFFFF
15,53,#FFFFFF
16,53,#FFFFFF
17,53,#FFFFFF
18,53,#FFFFFF
19,53,#FFFFFF
20,53,#FFFFFF
21,53,#FFFFFF
22,53,#FFFFFF
23,53,#FFFFFF
24,53,#FFFFFF
25,53,#FFFFFF
26,53,#FFFFFF
27,53,#FFFFFF
28,53,#E3E4E5
29,53,#98989E
30,53,#464752
31,53,#1B1C29
32,53,#1A1B28
33,53,#43444F
34,53,#93949A
35,53,#E1E1E3
36,53,#FFFFFF
37,53,#FFFFFF
38,53,#FFFFFF
39,53,#FFFFFF
40,53,#FFFFFF
41,53,#FFFFFF
42,53,#FFFFFF
43,53,#FFFFFF
44,53,#FFFFFF
45,53,#FFFFFF
46,53,#FFFFFF
47,53,#FFFFFF
48,53,#FFFFFF
49,53,#FFFFFF
50,53,#FFFFFF
51,53,#FFFFFF
52,53,#FFFFFF
53,53,#FFFFFF
54,53,#FFFFFF
55,53,#FFFFFF
56,53,#FFFFFF
57,53,#FFFFFF
58,53,#FFFFFF
59,53,#FFFFFF
60,53,#FFFFFF
61,53,#FFFFFF
62,53,#FFFFFF
63,53,#FFFFFF
0,54,#FFFFFF
1,54,#FFFFFF
2,54,#FFFFFF
3,54,#FFFFFF
4,54,#FFFFFF
5,54,#FFFFFF
6,54,#FFFFFF
7,54,#FFFFFF
8,54,#FFFFFF
9,54,#FFFFFF
10,54,#FFFFFF
11,54,#FFFFFF
12,54,#FFFFFF
13,54,#FFFFFF
14,54,#FFFFFF
15,54,#FFFFFF
16,54,#FFFFFF
17,54,#FFFFFF
18,54,#FFFFFF
19,54,#FFFFFF
20,54,#FFFFFF
21,54,#FFFFFF
22,54,#FFFFFF
23,54,#FFFFFF
24,54,#FFFFFF
25,54,#FFFFFF
26,54,#FFFFFF
27,54,#FFFFFF
28,54,#FFFFFF
29,54,#FFFFFF
30,54,#F9F9F9
31,54,#BEBEC2
32,54,#BBBBBF
33,54,#F7F7F8
34,54,#FFFFFF
35,54,#FFFFFF
36,54,#FFFFFF
37,54,#FFFFFF
38,54,#FFFFFF
39,54,#FFFFFF
40,54,#FFFFFF
41,54,#FFFFFF
42,54,#FFFFFF
43,54,#FFFFFF
44,54,#FFFFFF
45,54,#FFFFFF
46,54,#FFFFFF
47,54,#FFFFFF
48,54,#FFFFFF
49,54,#FFFFFF
50,54,#FFFFFF
51,54,#FFFFFF
52,54,#FFFFFF
53,54,#FFFFFF
54,54,#FFFFFF
55,54,#FFFFFF
56,54,#FFFFFF
57,54,#FFFFFF
58,54,#FFFFFF
59,54,#FFFFFF
60,54,#FFFFFF
61,54,#FFFFFF
62,54,#FFFFFF
63,54,#FFFFFF
0,55,#FFFFFF
1,55,#FFFFFF
2,55,#FFFFFF
3,55,#FFFFFF
4,55,#FFFFFF
5,55,#FFFFFF
6,55,#FFFFFF
7,55,#FFFFFF
8,55,#FFFFFF
9,55,#FFFFFF
10,55,#FFFFFF
11,55,#FFFFFF
12,55,#FFFFFF
13,55,#FFFFFF
14,55,#FFFFFF
15,55,#FFFFFF
16,55,#FFFFFF
17,55,#FFFFFF
18,55,#FFFFFF
19,55,#FFFFFF
20,55,#FFFFFF
21,55,#FFFFFF
22,55,#FFFFFF
23,55,#FFFFFF
24,55,#FFFFFF
25,55,#FFFFFF
26,55,#FFFFFF
27,55,#FFFFFF
28,55,#FFFFFF
29,55,#FFFFFF
30,55,#FFFFFF
31,55,#FFFFFF
32,55,#FFFFFF
33,55,#FFFFFF
34,55,#FFFFFF
35,55,#FFFFFF
36,55,#FFFFFF
37,55,#FFFFFF
38,55,#FFFFFF
39,55,#FFFFFF
40,55,#FFFFFF
41,55,#FFFFFF
42,55,#FFFFFF
43,55,#FFFFFF
44,55,#FFFFFF
45,55,#FFFFFF
46,55,#FFFFFF
47,55,#FFFFFF
48,55,#FFFFFF
49,55,#FFFFFF
50,55,#FFFFFF
51,55,#FFFFFF
52,55,#FFFFFF
53,55,#FFFFFF
54,55,#FFFFFF
55,55,#FFFFFF
56,55,#FFFFFF
57,55,#FFFFFF
58,55,#FFFFFF
59,55,#FFFFFF
60,55,#FFFFFF
61,55,#FFFFFF
62,55,#FFFFFF
63,55,#FFFFFF
0,56,#FFFFFF
1,56,#FFFFFF
2,56,#FFFFFF
3,56,#FFFFFF
4,56,#FFFFFF
5,56,#FFFFFF
6,56,#FFFFFF
7,56,#FFFFFF
8,56,#FFFFFF
9,56,#FFFFFF
10,56,#FFFFFF
11,56,#FFFFFF
12,56,#FFFFFF
13,56,#FFFFFF
14,56,#FFFFFF
15,56,#FFFFFF
16,56,#FFFFFF
17,56,#FFFFFF
18,56,#FFFFFF
19,56,#FFFFFF
20,56,#FFFFFF
21,56,#FFFFFF
22,56,#FFFFFF
23,56,#FFFFFF
24,56,#FFFFFF
25,56,#FFFFFF
26,56,#FFFFFF
27,56,#FFFFFF
28,56,#FFFFFF
29,56,#FFFFFF
30,56,#FFFFFF
31,56,#FFFFFF
32,56,#FFFFFF
33,56,#FFFFFF
34,56,#FFFFFF
35,56,#FFFFFF
36,56,#FFFFFF
37,56,#FFFFFF
38,56,#FFFFFF
39,56,#FFFFFF
40,56,#FFFFFF
41,56,#FFFFFF
42,56,#FFFFFF
43,56,#FFFFFF
44,56,#FFFFFF
45,56,#FFFFFF
46,56,#FFFFFF
47,56,#FFFFFF
48,56,#FFFFFF
49,56,#FFFFFF
50,56,#FFFFFF
51,56,#FFFFFF
52,56,#FFFFFF
53,56,#FFFFFF
54,56,#FFFFFF
55,56,#FFFFFF
56,56,#FFFFFF
57,56,#FFFFFF
58,56,#FFFFFF
59,56,#FFFFFF
60,56,#FFFFFF
61,56,#FFFFFF
62,56,#FFFFFF
63,56,#FFFFFF
0,57,#FFFFFF
1,57,#FFFFFF
2,57,#FFFFFF
3,57,#FFFFFF
4,57,#FFFFFF
5,57,#FFFFFF
6,57,#FFFFFF
7,57,#FFFFFF
8,57,#FFFFFF
9,57,#FFFFFF
10,57,#FFFFFF
11,57,#FFFFFF
12,57,#FFFFFF
13,57,#FFFFFF
14,57,#FFFFFF
15,57,#FFFFFF
16,57,#FFFFFF
17,57,#FFFFFF
18,57,#FFFFFF
19,57,#FFFFFF
20,57,#FFFFFF
21,57,#FFFFFF
22,57,#FFFFFF
23,57,#FFFFFF
24,57,#FFFFFF
25,57,#FFFFFF
26,57,#FFFFFF
27,57,#FFFFFF
28,57,#FFFFFF
29,57,#FFFFFF
30,57,#FFFFFF
31,57,#FFFFFF
32,57,#FFFFFF
33,57,#FFFFFF
34,57,#FFFFFF
35,57,#FFFFFF
36,57,#FFFFFF
37,57,#FFFFFF
38,57,#FFFFFF
39,57,#FFFFFF
40,57,#FFFFFF
41,57,#FFFFFF
42,57,#FFFFFF
43,57,#FFFFFF
44,57,#FFFFFF
45,57,#FFFFFF
46,57,#FFFFFF
47,57,#FFFFFF
48,57,#FFFFFF
49,57,#FFFFFF
50,57,#FFFFFF
51,57,#FFFFFF
52,57,#FFFFFF
53,57,#FFFFFF
54,57,#FFFFFF
55,57,#FFFFFF
56,57,#FFFFFF
57,57,#FFFFFF
58,57,#FFFFFF
59,57,#FFFFFF
60,57,#FFFFFF
61,57,#FFFFFF
62,57,#FFFFFF
63,57,#FFFFFF
0,58,#FFFFFF
1,58,#FFFFFF
2,58,#FFFFFF
3,58,#FFFFFF
4,58,#FFFFFF
5,58,#FFFFFF
6,58,#FFFFFF
7,58,#FFFFFF
8,58,#FFFFFF
9,58,#FFFFFF
10,58,#FFFFFF
11,58,#FFFFFF
12,58,#FFFFFF
13,58,#FFFFFF
14,58,#FFFFFF
15,58,#FFFFFF
16,58,#FFFFFF
17,58,#FFFFFF
18,58,#FFFFFF
19,58,#FFFFFF
20,58,#FFFFFF
21,58,#FFFFFF
22,58,#FFFFFF
23,58,#FFFFFF
24,58,#FFFFFF
25,58,#FFFFFF
26,58,#FFFFFF
27,58,#FFFFFF
28,58,#FFFFFF
29,58,#FFFFFF
30,58,#FFFFFF
31,58,#FFFFFF
32,58,#FFFFFF
33,58,#FFFFFF
34,58,#FFFFFF
35,58,#FFFFFF
36,58,#FFFFFF
37,58,#FFFFFF
38,58,#FFFFFF
39,58,#FFFFFF
40,58,#FFFFFF
41,58,#FFFFFF
42,58,#FFFFFF
43,58,#FFFFFF
44,58,#FFFFFF
45,58,#FFFFFF
46,58,#FFFFFF
47,58,#FFFFFF
48,58,#FFFFFF
49,58,#FFFFFF
50,58,#FFFFFF
51,58,#FFFFFF
52,58,#FFFFFF
53,58,#FFFFFF
54,58,#FFFFFF
55,58,#FFFFFF
56,58,#FFFFFF
57,58,#FFFFFF
58,58,#FFFFFF
59,58,#FFFFFF
60,58,#FFFFFF
61,58,#FFFFFF
62,58,#FFFFFF
63,58,#FFFFFF
0,59,#FFFFFF
1,59,#FFFFFF
2,59,#FFFFFF
3,59,#FFFFFF
4,59,#FFFFFF
5,59,#FFFFFF
6,59,#FFFFFF
7,59,#FFFFFF
8,59,#FFFFFF
9,59,#FFFFFF
10,59,#FFFFFF
11,59,#FFFFFF
12,59,#FFFFFF
13,59,#FFFFFF
14,59,#FFFFFF
15,59,#FFFFFF
16,59,#FFFFFF
17,59,#FFFFFF
18,59,#FFFFFF
19,59,#FFFFFF
20,59,#FFFFFF
21,59,#FFFFFF
22,59,#FFFFFF
23,59,#FFFFFF
24,59,#FFFFFF
25,59,#FFFFFF
26,59,#FFFFFF
27,59,#FFFFFF
28,59,#FFFFFF
29,59,#FFFFFF
30,59,#FFFFFF
31,59,#FFFFFF
32,59,#FFFFFF
33,59,#FFFFFF
34,59,#FFFFFF
35,59,#FFFFFF
36,59,#FFFFFF
37,59,#FFFFFF
38,59,#FFFFFF
39,59,#FFFFFF
40,59,#FFFFFF
41,59,#FFFFFF
42,59,#FFFFFF
43,59,#FFFFFF
44,59,#FFFFFF
45,59,#FFFFFF
46,59,#FFFFFF
47,59,#FFFFFF
48,59,#FFFFFF
49,59,#FFFFFF
50,59,#FFFFFF
51,59,#FFFFFF
52,59,#FFFFFF
53,59,#FFFFFF
54,59,#FFFFFF
55,59,#FFFFFF
56,59,#FFFFFF
57,59,#FFFFFF
58,59,#FFFFFF
59,59,#FFFFFF
60,59,#FFFFFF
61,59,#FFFFFF
62,59,#FFFFFF
63,59,#FFFFFF
0,60,#FFFFFF
1,60,#FFFFFF
2,60,#FFFFFF
3,60,#FFFFFF
4,60,#FFFFFF
5,60,#FFFFFF
6,60,#FFFFFF
7,60,#FFFFFF
8,60,#FFFFFF
9,60,#FFFFFF
10,60,#FFFFFF
11,60,#FFFFFF
12,60,#FFFFFF
13,60,#FFFFFF
14,60,#FFFFFF
15,60,#FFFFFF
16,60,#FFFFFF
17,60,#FFFFFF
18,60,#FFFFFF
19,60,#FFFFFF
20,60,#FFFFFF
21,60,#FFFFFF
22,60,#FFFFFF
23,60,#FFFFFF
24,60,#FFFFFF
25,60,#FFFFFF
26,60,#FFFFFF
27,60,#FFFFFF
28,60,#FFFFFF
29,60,#FFFFFF
30,60,#FFFFFF
31,60,#FFFFFF
32,60,#FFFFFF
33,60,#FFFFFF
34,60,#FFFFFF
35,60,#FFFFFF
36,60,#FFFFFF
37,60,#FFFFFF
38,60,#FFFFFF
39,60,#FFFFFF
40,60,#FFFFFF
41,60,#FFFFFF
42,60,#FFFFFF
43,60,#FFFFFF
44,60,#FFFFFF
45,60,#FFFFFF
46,60,#FFFFFF
47,60,#FFFFFF
48,60,#FFFFFF
49,60,#FFFFFF
50,60,#FFFFFF
51,60,#FFFFFF
52,60,#FFFFFF
53,60,#FFFFFF
54,60,#FFFFFF
55,60,#FFFFFF
56,60,#FFFFFF
57,60,#FFFFFF
58,60,#FFFFFF
59,60,#FFFFFF
60,60,#FFFFFF
61,60,#FFFFFF
62,60,#FFFFFF
63,60,#FFFFFF
0,61,#FFFFFF
1,61,#FFFFFF
2,61,#FFFFFF
3,61,#FFFFFF
4,61,#FFFFFF
5,61,#FFFFFF
6,61,#FFFFFF
7,61,#FFFFFF
8,61,#FFFFFF
9,61,#FFFFFF
10,61,#FFFFFF
11,61,#FFFFFF
12,61,#FFFFFF
13,61,#FFFFFF
14,61,#FFFFFF
15,61,#FFFFFF
16,61,#FFFFFF
17,61,#FFFFFF
18,61,#FFFFFF
19,61,#FFFFFF
20,61,#FFFFFF
21,61,#FFFFFF
22,61,#FFFFFF
23,61,#FFFFFF
24,61,#FFFFFF
25,61,#FFFFFF
26,61,#FFFFFF
27,61,#FFFFFF
28,61,#FFFFFF
29,61,#FFFFFF
30,61,#FFFFFF
31,61,#FFFFFF
32,61,#FFFFFF
33,61,#FFFFFF
34,61,#FFFFFF
35,61,#FFFFFF
36,61,#FFFFFF
37,61,#FFFFFF
38,61,#FFFFFF
39,61,#FFFFFF
40,61,#FFFFFF
41,61,#FFFFFF
42,61,#FFFFFF
43,61,#FFFFFF
44,61,#FFFFFF
45,61,#FFFFFF
46,61,#FFFFFF
47,61,#FFFFFF
48,61,#FFFFFF
49,61,#FFFFFF
50,61,#FFFFFF
51,61,#FFFFFF
52,61,#FFFFFF
53,61,#FFFFFF
54,61,#FFFFFF
55,61,#FFFFFF
56,61,#FFFFFF
57,61,#FFFFFF
58,61,#FFFFFF
59,61,#FFFFFF
60,61,#FFFFFF
61,61,#FFFFFF
62,61,#FFFFFF
63,61,#FFFFFF
0,62,#FFFFFF
1,62,#FFFFFF
2,62,#FFFFFF
3,62,#FFFFFF
4,62,#FFFFFF
5,62,#FFFFFF
6,62,#FFFFFF
7,62,#FFFFFF
8,62,#FFFFFF
9,62,#FFFFFF
10,62,#FFFFFF
11,62,#FFFFFF
12,62,#FFFFFF
13,62,#FFFFFF
14,62,#FFFFFF
15,62,#FFFFFF
16,62,#FFFFFF
17,62,#FFFFFF
18,62,#FFFFFF
19,62,#FFFFFF
20,62,#FFFFFF
21,62,#FFFFFF
22,62,#FFFFFF
23,62,#FFFFFF
24,62,#FFFFFF
25,62,#FFFFFF
26,62,#FFFFFF
27,62,#FFFFFF
28,62,#FFFFFF
29,62,#FFFFFF
30,62,#FFFFFF
31,62,#FFFFFF
32,62,#FFFFFF
33,62,#FFFFFF
34,62,#FFFFFF
35,62,#FFFFFF
36,62,#FFFFFF
37,62,#FFFFFF
38,62,#FFFFFF
39,62,#FFFFFF
40,62,#FFFFFF
41,62,#FFFFFF
42,62,#FFFFFF
43,62,#FFFFFF
44,62,#FFFFFF
45,62,#FFFFFF
46,62,#FFFFFF
47,62,#FFFFFF
48,62,#FFFFFF
49,62,#FFFFFF
50,62,#FFFFFF
51,62,#FFFFFF
52,62,#FFFFFF
53,62,#FFFFFF
54,62,#FFFFFF
55,62,#FFFFFF
56,62,#FFFFFF
57,62,#FFFFFF
58,62,#FFFFFF
59,62,#FFFFFF
60,62,#FFFFFF
61,62,#FFFFFF
62,62,#FFFFFF
63,62,#FFFFFF
0,63,#FFFFFF
1,63,#FFFFFF
2,63,#FFFFFF
3,63,#FFFFFF
4,63,#FFFFFF
5,63,#FFFFFF
6,63,#FFFFFF
7,63,#FFFFFF
8,63,#FFFFFF
9,63,#FFFFFF
10,63,#FFFFFF
11,63,#FFFFFF
12,63,#FFFFFF
13,63,#FFFFFF
14,63,#FFFFFF
15,63,#FFFFFF
16,63,#FFFFFF
17,63,#FFFFFF
18,63,#FFFFFF
19,63,#FFFFFF
20,63,#FFFFFF
21,63,#FFFFFF
22,63,#FFFFFF
23,63,#FFFFFF
24,63,#FFFFFF
25,63,#FFFFFF
26,63,#FFFFFF
27,63,#FFFFFF
28,63,#FFFFFF
29,63,#FFFFFF
30,63,#FFFFFF
31,63,#FFFFFF
32,63,#FFFFFF
33,63,#FFFFFF
34,63,#FFFFFF
35,63,#FFFFFF
36,63,#FFFFFF
37,63,#FFFFFF
38,63,#FFFFFF
39,63,#FFFFFF
40,63,#FFFFFF
41,63,#FFFFFF
42,63,#FFFFFF
43,63,#FFFFFF
44,63,#FFFFFF
45,63,#FFFFFF
46,63,#FFFFFF
47,63,#FFFFFF
48,63,#FFFFFF
49,63,#FFFFFF
50,63,#FFFFFF
51,63,#FFFFFF
52,63,#FFFFFF
53,63,#FFFFFF
54,63,#FFFFFF
55,63,#FFFFFF
56,63,#FFFFFF
57,63,#FFFFFF
58,63,#FFFFFF
59,63,#FFFFFF
60,63,#FFFFFF
61,63,#FFFFFF
62,63,#FFFFFF
63,63,#FFFFFF
